member_id,total_pushes,avg_push_discount,dormant_length,push_group,dormant_period_num,period_type
1548,29,,309,0,1,dormant
22147,10,,36,0,1,dormant
29265,75,,321,0,1,dormant
39126,1,,1,0,1,dormant
46834,1,,1,0,1,dormant
48149,145,,404,0,1,dormant
54491,15,,36,0,1,dormant
59448,3,,11,0,1,dormant
73926,26,,75,0,1,dormant
75002,69,,279,0,1,dormant
75422,5,,11,0,1,dormant
78631,17,,53,0,1,dormant
82494,136,,392,0,1,dormant
83659,129,,373,0,1,dormant
90047,49,,128,0,1,dormant
99591,88,,217,0,1,dormant
108479,2,,3,0,1,dormant
123630,32,,81,0,1,dormant
123955,11,,32,0,1,dormant
126532,45,,129,0,1,dormant
129566,3,,8,0,1,dormant
130951,33,,249,0,1,dormant
135630,83,,385,0,1,dormant
143455,5,,8,0,1,dormant
143869,2,,1,0,1,dormant
145255,46,,354,0,1,dormant
146423,16,,56,0,1,dormant
151092,6,,17,0,1,dormant
151482,1,,1,0,1,dormant
168291,53,,194,0,1,dormant
173692,5,,16,0,1,dormant
177979,22,,191,0,1,dormant
180432,72,,477,0,1,dormant
184930,104,,296,0,1,dormant
185417,3,,7,0,1,dormant
187335,14,,48,0,1,dormant
194265,14,,49,0,1,dormant
206894,122,,372,0,1,dormant
207358,4,,43,0,1,dormant
215503,88,,405,0,1,dormant
217759,74,,216,0,1,dormant
232303,2,,1,0,1,dormant
237783,10,,126,0,1,dormant
241967,16,,57,0,1,dormant
249634,8,,25,0,1,dormant
250134,138,,487,0,1,dormant
256371,5,,16,0,1,dormant
260538,40,,79,0,1,dormant
264715,1,,1,0,1,dormant
270470,1,,1,0,1,dormant
276706,21,,77,0,1,dormant
288017,3,,10,0,1,dormant
289774,12,,35,0,1,dormant
296801,72,,212,0,1,dormant
297933,18,,160,0,1,dormant
304474,52,,182,0,1,dormant
305115,117,,374,0,1,dormant
308293,2,,8,0,1,dormant
313136,140,,390,0,1,dormant
316499,6,,15,0,1,dormant
319181,3,,16,0,1,dormant
319882,14,,30,0,1,dormant
330815,3,,18,0,1,dormant
331718,3,,1,0,1,dormant
348185,66,,243,0,1,dormant
358577,58,,204,0,1,dormant
360023,11,,16,0,1,dormant
364592,25,,57,0,1,dormant
374143,65,,309,0,1,dormant
380657,9,,71,0,1,dormant
381268,15,,42,0,1,dormant
383281,3,,43,0,1,dormant
383302,45,,404,0,1,dormant
386119,3,,8,0,1,dormant
390663,97,,368,0,1,dormant
404498,26,,91,0,1,dormant
406506,3,,2,0,1,dormant
423421,45,,226,0,1,dormant
425618,6,,16,0,1,dormant
427079,25,,94,0,1,dormant
429783,82,,209,0,1,dormant
432565,71,,213,0,1,dormant
438758,54,,186,0,1,dormant
443388,21,,75,0,1,dormant
448300,6,,27,0,1,dormant
449718,76,,398,0,1,dormant
453283,12,,39,0,1,dormant
454165,2,,4,0,1,dormant
478376,92,,368,0,1,dormant
479462,4,,9,0,1,dormant
487616,19,,51,0,1,dormant
488250,36,,82,0,1,dormant
488595,5,,16,0,1,dormant
492844,9,,26,0,1,dormant
494213,103,,375,0,1,dormant
499128,23,,58,0,1,dormant
504777,2,,7,0,1,dormant
509879,1,,1,0,1,dormant
511936,61,,172,0,1,dormant
512059,12,,33,0,1,dormant
513628,43,,100,0,1,dormant
514568,22,,143,0,1,dormant
531587,37,,108,0,1,dormant
533649,29,,79,0,1,dormant
536190,21,,52,0,1,dormant
536482,10,,18,0,1,dormant
543107,85,,337,0,1,dormant
549078,75,,272,0,1,dormant
549996,17,,44,0,1,dormant
551127,7,,25,0,1,dormant
573534,163,,478,0,1,dormant
576332,46,,153,0,1,dormant
580516,16,,58,0,1,dormant
583656,22,,49,0,1,dormant
586416,19,,62,0,1,dormant
589860,16,,27,0,1,dormant
594551,20,,85,0,1,dormant
601435,8,,73,0,1,dormant
610990,9,,28,0,1,dormant
621877,55,,300,0,1,dormant
625018,53,,127,0,1,dormant
631184,1,,1,0,1,dormant
632534,33,,82,0,1,dormant
639271,160,,512,0,1,dormant
643010,122,,375,0,1,dormant
645730,98,,418,0,1,dormant
646884,24,,74,0,1,dormant
648283,17,,48,0,1,dormant
652136,1,,1,0,1,dormant
655050,2,,1,0,1,dormant
658184,11,,40,0,1,dormant
662477,6,,9,0,1,dormant
666802,6,,90,0,1,dormant
672204,103,,444,0,1,dormant
674677,10,,52,0,1,dormant
677416,151,,418,0,1,dormant
683263,30,,108,0,1,dormant
685340,47,,202,0,1,dormant
698836,2,,4,0,1,dormant
701826,72,,224,0,1,dormant
703813,3,,7,0,1,dormant
707445,3,,9,0,1,dormant
707891,14,,33,0,1,dormant
709374,43,,106,0,1,dormant
709853,13,,48,0,1,dormant
715540,29,,53,0,1,dormant
719550,14,,55,0,1,dormant
723943,18,,53,0,1,dormant
729244,10,,17,0,1,dormant
731093,10,,26,0,1,dormant
732185,13,,29,0,1,dormant
733693,28,,113,0,1,dormant
746650,21,,225,0,1,dormant
747527,41,,78,0,1,dormant
750427,33,,136,0,1,dormant
750464,12,,67,0,1,dormant
753811,4,,7,0,1,dormant
756516,94,,242,0,1,dormant
757283,24,,87,0,1,dormant
760295,8,,30,0,1,dormant
765001,6,,42,0,1,dormant
768589,46,,416,0,1,dormant
769961,7,,46,0,1,dormant
771633,1,,1,0,1,dormant
775109,30,,82,0,1,dormant
777377,34,,98,0,1,dormant
797461,124,,491,0,1,dormant
806898,151,,477,0,1,dormant
22147,29,,164,0,2,dormant
39126,2,,10,0,2,dormant
46834,43,,113,0,2,dormant
54491,17,,48,0,2,dormant
59448,3,,7,0,2,dormant
73926,47,,263,0,2,dormant
82494,8,,10,0,2,dormant
83659,18,,30,0,2,dormant
90047,1,,1,0,2,dormant
108479,1,,1,0,2,dormant
123630,16,,52,0,2,dormant
123955,76,,416,0,2,dormant
126532,24,,66,0,2,dormant
129566,50,,119,0,2,dormant
146423,1,,1,0,2,dormant
151092,17,,87,0,2,dormant
151482,9,,38,0,2,dormant
173692,3,,6,0,2,dormant
177979,1,,1,0,2,dormant
184930,56,,136,0,2,dormant
185417,2,,2,0,2,dormant
187335,14,,76,0,2,dormant
194265,1,,1,0,2,dormant
207358,78,,300,0,2,dormant
232303,15,,208,0,2,dormant
249634,31,,111,0,2,dormant
256371,12,,104,0,2,dormant
260538,8,,8,0,2,dormant
264715,2,,1,0,2,dormant
270470,7,,17,0,2,dormant
276706,75,,157,0,2,dormant
288017,49,,200,0,2,dormant
289774,65,,248,0,2,dormant
304474,21,,76,0,2,dormant
308293,4,,10,0,2,dormant
313136,24,,69,0,2,dormant
316499,5,,16,0,2,dormant
319181,6,,32,0,2,dormant
330815,4,,9,0,2,dormant
348185,35,,103,0,2,dormant
360023,3,,2,0,2,dormant
364592,1,,1,0,2,dormant
380657,19,,48,0,2,dormant
381268,8,,28,0,2,dormant
383281,63,,207,0,2,dormant
386119,43,,192,0,2,dormant
390663,25,,83,0,2,dormant
406506,42,,120,0,2,dormant
425618,3,,7,0,2,dormant
427079,90,,279,0,2,dormant
429783,64,,170,0,2,dormant
443388,1,,1,0,2,dormant
448300,3,,16,0,2,dormant
454165,11,,26,0,2,dormant
488595,29,,81,0,2,dormant
504777,42,,149,0,2,dormant
509879,69,,263,0,2,dormant
512059,3,,8,0,2,dormant
514568,3,,7,0,2,dormant
536190,47,,92,0,2,dormant
536482,22,,31,0,2,dormant
549078,19,,63,0,2,dormant
549996,2,,1,0,2,dormant
551127,56,,235,0,2,dormant
576332,71,,178,0,2,dormant
580516,3,,5,0,2,dormant
583656,17,,44,0,2,dormant
586416,84,,383,0,2,dormant
589860,27,,68,0,2,dormant
594551,5,,13,0,2,dormant
601435,115,,349,0,2,dormant
610990,24,,77,0,2,dormant
631184,6,,8,0,2,dormant
632534,6,,21,0,2,dormant
652136,66,,332,0,2,dormant
655050,14,,55,0,2,dormant
658184,51,,179,0,2,dormant
674677,44,,123,0,2,dormant
677416,6,,10,0,2,dormant
683263,106,,257,0,2,dormant
698836,4,,36,0,2,dormant
701826,1,,1,0,2,dormant
703813,5,,25,0,2,dormant
709374,38,,90,0,2,dormant
709853,49,,250,0,2,dormant
715540,3,,2,0,2,dormant
723943,45,,206,0,2,dormant
731093,2,,1,0,2,dormant
732185,6,,9,0,2,dormant
733693,7,,17,0,2,dormant
747527,40,,104,0,2,dormant
750464,108,,326,0,2,dormant
756516,17,,39,0,2,dormant
760295,27,,56,0,2,dormant
765001,2,,1,0,2,dormant
771633,1,,1,0,2,dormant
775109,26,,70,0,2,dormant
777377,30,,72,0,2,dormant
22147,9,,43,0,3,dormant
39126,2,,8,0,3,dormant
46834,61,,181,0,3,dormant
54491,24,,62,0,3,dormant
59448,3,,48,0,3,dormant
82494,3,,1,0,3,dormant
90047,37,,72,0,3,dormant
108479,6,,26,0,3,dormant
126532,53,,127,0,3,dormant
146423,72,,202,0,3,dormant
151092,11,,36,0,3,dormant
151482,6,,11,0,3,dormant
185417,7,,16,0,3,dormant
187335,17,,51,0,3,dormant
194265,2,,7,0,3,dormant
249634,3,,12,0,3,dormant
256371,22,,22,0,3,dormant
264715,1,,1,0,3,dormant
270470,28,,56,0,3,dormant
289774,2,,1,0,3,dormant
308293,39,,89,0,3,dormant
316499,2,,4,0,3,dormant
319181,23,,56,0,3,dormant
330815,1,,1,0,3,dormant
360023,18,,32,0,3,dormant
364592,1,,1,0,3,dormant
380657,6,,13,0,3,dormant
381268,65,,282,0,3,dormant
443388,2,,7,0,3,dormant
448300,2,,1,0,3,dormant
454165,2,,3,0,3,dormant
488595,14,,42,0,3,dormant
509879,1,,1,0,3,dormant
514568,7,,17,0,3,dormant
536190,5,,8,0,3,dormant
549996,15,,50,0,3,dormant
576332,42,,107,0,3,dormant
583656,43,,96,0,3,dormant
594551,25,,64,0,3,dormant
610990,34,,143,0,3,dormant
632534,4,,10,0,3,dormant
655050,71,,188,0,3,dormant
674677,1,,1,0,3,dormant
677416,19,,46,0,3,dormant
683263,24,,52,0,3,dormant
701826,66,,203,0,3,dormant
703813,54,,173,0,3,dormant
709374,5,,9,0,3,dormant
715540,67,,157,0,3,dormant
731093,24,,59,0,3,dormant
732185,61,,157,0,3,dormant
733693,10,,75,0,3,dormant
747527,33,,80,0,3,dormant
756516,39,,98,0,3,dormant
760295,6,,6,0,3,dormant
765001,10,,35,0,3,dormant
771633,18,,94,0,3,dormant
775109,43,,142,0,3,dormant
777377,53,,232,0,3,dormant
22147,32,,117,0,4,dormant
39126,2,,8,0,4,dormant
59448,25,,163,0,4,dormant
108479,14,,73,0,4,dormant
146423,46,,109,0,4,dormant
151092,15,,44,0,4,dormant
151482,5,,9,0,4,dormant
185417,3,,5,0,4,dormant
187335,3,,5,0,4,dormant
194265,9,,96,0,4,dormant
249634,24,,100,0,4,dormant
264715,3,,2,0,4,dormant
270470,48,,128,0,4,dormant
289774,2,,2,0,4,dormant
308293,5,,5,0,4,dormant
316499,59,,198,0,4,dormant
319181,9,,38,0,4,dormant
330815,8,,9,0,4,dormant
364592,20,,62,0,4,dormant
380657,17,,32,0,4,dormant
443388,9,,23,0,4,dormant
448300,4,,15,0,4,dormant
454165,10,,19,0,4,dormant
488595,1,,1,0,4,dormant
509879,8,,24,0,4,dormant
514568,7,,13,0,4,dormant
536190,2,,1,0,4,dormant
549996,8,,33,0,4,dormant
632534,6,,17,0,4,dormant
655050,1,,1,0,4,dormant
674677,3,,2,0,4,dormant
703813,20,,39,0,4,dormant
709374,7,,11,0,4,dormant
731093,3,,4,0,4,dormant
732185,13,,27,0,4,dormant
733693,1,,1,0,4,dormant
765001,4,,8,0,4,dormant
771633,3,,8,0,4,dormant
39126,16,,42,0,5,dormant
108479,53,,217,0,5,dormant
151092,8,,18,0,5,dormant
151482,2,,1,0,5,dormant
185417,7,,10,0,5,dormant
249634,6,,17,0,5,dormant
264715,8,,18,0,5,dormant
270470,11,,11,0,5,dormant
308293,42,,98,0,5,dormant
316499,9,,13,0,5,dormant
319181,1,,1,0,5,dormant
364592,66,,198,0,5,dormant
380657,33,,81,0,5,dormant
443388,9,,22,0,5,dormant
488595,14,,58,0,5,dormant
509879,7,,20,0,5,dormant
514568,4,,8,0,5,dormant
536190,6,,9,0,5,dormant
549996,10,,24,0,5,dormant
632534,13,,37,0,5,dormant
655050,32,,107,0,5,dormant
674677,1,,1,0,5,dormant
731093,11,,13,0,5,dormant
765001,15,,56,0,5,dormant
771633,33,,118,0,5,dormant
39126,22,,88,0,6,dormant
108479,13,,54,0,6,dormant
151092,17,,59,0,6,dormant
151482,29,,107,0,6,dormant
308293,6,,9,0,6,dormant
488595,14,,52,0,6,dormant
536190,3,,6,0,6,dormant
549996,4,,9,0,6,dormant
674677,17,,57,0,6,dormant
765001,14,,35,0,6,dormant
39126,6,,9,0,7,dormant
536190,5,,5,0,7,dormant
549996,1,,1,0,7,dormant
155,19,,55,1,1,dormant
167,57,,136,1,1,dormant
1117,3,,7,1,1,dormant
1854,19,,46,1,1,dormant
1931,34,,84,1,1,dormant
2900,115,,391,1,1,dormant
3469,22,,151,1,1,dormant
3790,4,,9,1,1,dormant
3982,10,,24,1,1,dormant
6211,104,,340,1,1,dormant
6386,34,,112,1,1,dormant
6652,3,,8,1,1,dormant
7460,52,,193,1,1,dormant
9119,3,,8,1,1,dormant
9626,122,,308,1,1,dormant
9645,52,,141,1,1,dormant
10359,78,,360,1,1,dormant
10698,25,,55,1,1,dormant
11150,124,,436,1,1,dormant
11415,13,,38,1,1,dormant
11830,64,,271,1,1,dormant
12634,39,,105,1,1,dormant
14488,43,,134,1,1,dormant
14551,16,,44,1,1,dormant
16714,4,,4,1,1,dormant
17829,162,,529,1,1,dormant
19630,17,,36,1,1,dormant
19781,104,,386,1,1,dormant
20784,13,,86,1,1,dormant
21105,2,,2,1,1,dormant
21325,62,,156,1,1,dormant
21802,12,,81,1,1,dormant
23247,28,,54,1,1,dormant
23815,109,,313,1,1,dormant
24099,1,,1,1,1,dormant
24317,98,,420,1,1,dormant
25002,156,,422,1,1,dormant
25030,119,,431,1,1,dormant
26154,5,,4,1,1,dormant
26342,81,,329,1,1,dormant
27774,108,,329,1,1,dormant
28035,4,,15,1,1,dormant
28203,49,,198,1,1,dormant
31358,3,,8,1,1,dormant
31774,98,,304,1,1,dormant
32072,28,,88,1,1,dormant
32268,6,,16,1,1,dormant
34690,2,,2,1,1,dormant
35874,19,,56,1,1,dormant
37666,121,,348,1,1,dormant
37715,29,,113,1,1,dormant
38102,148,,522,1,1,dormant
38237,114,,382,1,1,dormant
38918,77,,244,1,1,dormant
39121,11,,29,1,1,dormant
40721,118,,342,1,1,dormant
41246,120,,441,1,1,dormant
41976,90,,420,1,1,dormant
42535,12,,32,1,1,dormant
42868,32,,111,1,1,dormant
45199,40,,160,1,1,dormant
46552,10,,27,1,1,dormant
48841,5,,11,1,1,dormant
49289,122,,397,1,1,dormant
49341,95,,403,1,1,dormant
49549,18,,88,1,1,dormant
49885,35,,97,1,1,dormant
49953,53,,253,1,1,dormant
50459,9,,21,1,1,dormant
51437,1,,1,1,1,dormant
52509,1,,1,1,1,dormant
52865,18,,67,1,1,dormant
55662,13,,54,1,1,dormant
55923,14,,45,1,1,dormant
57582,2,,2,1,1,dormant
57817,41,,141,1,1,dormant
60506,4,,8,1,1,dormant
60919,102,,295,1,1,dormant
61087,12,,25,1,1,dormant
61438,71,,513,1,1,dormant
61502,136,,455,1,1,dormant
62253,10,,33,1,1,dormant
63378,117,,452,1,1,dormant
63450,34,,91,1,1,dormant
66757,7,,21,1,1,dormant
67465,18,,57,1,1,dormant
70643,9,,45,1,1,dormant
70710,51,,217,1,1,dormant
72261,3,,8,1,1,dormant
72369,6,,18,1,1,dormant
72482,5,,16,1,1,dormant
74187,9,,60,1,1,dormant
77078,66,,262,1,1,dormant
77542,55,,231,1,1,dormant
80038,29,,82,1,1,dormant
80589,12,,25,1,1,dormant
81904,51,,372,1,1,dormant
82564,6,,10,1,1,dormant
83726,2,,1,1,1,dormant
85897,50,,263,1,1,dormant
86002,25,,156,1,1,dormant
86316,13,,36,1,1,dormant
86531,55,,249,1,1,dormant
88256,5,,18,1,1,dormant
88507,43,,126,1,1,dormant
89666,56,,148,1,1,dormant
89865,12,,32,1,1,dormant
90675,47,,201,1,1,dormant
90952,28,,145,1,1,dormant
92777,9,,25,1,1,dormant
92971,83,,400,1,1,dormant
94640,137,,424,1,1,dormant
95105,37,,309,1,1,dormant
95581,31,,385,1,1,dormant
95728,37,,72,1,1,dormant
96796,13,,51,1,1,dormant
96997,8,,33,1,1,dormant
97506,1,,1,1,1,dormant
98233,1,,1,1,1,dormant
100446,46,,139,1,1,dormant
100695,60,,162,1,1,dormant
102500,35,,93,1,1,dormant
102695,39,,144,1,1,dormant
102893,138,,487,1,1,dormant
103702,43,,171,1,1,dormant
104290,107,,341,1,1,dormant
104400,16,,53,1,1,dormant
105190,1,,1,1,1,dormant
105327,9,,284,1,1,dormant
105473,82,,395,1,1,dormant
106454,4,,10,1,1,dormant
110222,2,,2,1,1,dormant
110300,98,,469,1,1,dormant
111279,62,,189,1,1,dormant
113939,13,,52,1,1,dormant
116482,40,,95,1,1,dormant
117260,46,,223,1,1,dormant
119226,2,,11,1,1,dormant
119667,2,,1,1,1,dormant
120943,34,,93,1,1,dormant
121771,87,,277,1,1,dormant
121975,1,,1,1,1,dormant
122227,12,,73,1,1,dormant
122612,9,,23,1,1,dormant
123037,33,,163,1,1,dormant
123366,46,,194,1,1,dormant
123812,117,,412,1,1,dormant
124358,22,,44,1,1,dormant
124451,6,,17,1,1,dormant
124534,32,,84,1,1,dormant
126867,43,,143,1,1,dormant
127428,61,,289,1,1,dormant
128389,9,,17,1,1,dormant
128409,44,,188,1,1,dormant
130838,5,,13,1,1,dormant
135052,19,,38,1,1,dormant
136378,42,,120,1,1,dormant
136820,68,,317,1,1,dormant
143007,2,,1,1,1,dormant
143450,121,,353,1,1,dormant
143873,84,,212,1,1,dormant
144822,1,,1,1,1,dormant
145576,43,,175,1,1,dormant
145829,48,,206,1,1,dormant
147092,27,,98,1,1,dormant
148233,15,,93,1,1,dormant
151291,46,,200,1,1,dormant
153042,15,,50,1,1,dormant
153597,31,,123,1,1,dormant
153883,12,,35,1,1,dormant
154166,31,,108,1,1,dormant
154538,38,,130,1,1,dormant
154987,75,,369,1,1,dormant
155303,44,,336,1,1,dormant
155551,152,,508,1,1,dormant
155697,47,,210,1,1,dormant
156702,16,,40,1,1,dormant
157995,7,,20,1,1,dormant
158771,3,,7,1,1,dormant
160370,12,,56,1,1,dormant
160913,11,,22,1,1,dormant
163475,4,,4,1,1,dormant
163773,110,,332,1,1,dormant
163866,3,,7,1,1,dormant
164759,7,,16,1,1,dormant
165532,39,,89,1,1,dormant
167885,2,,2,1,1,dormant
169346,30,,140,1,1,dormant
170043,1,,1,1,1,dormant
170367,8,,27,1,1,dormant
171900,38,,216,1,1,dormant
173096,3,,7,1,1,dormant
173810,140,,468,1,1,dormant
175157,23,,107,1,1,dormant
176650,12,,35,1,1,dormant
177042,23,,88,1,1,dormant
179391,68,,199,1,1,dormant
179882,25,,53,1,1,dormant
182924,3,,1,1,1,dormant
184017,1,,1,1,1,dormant
184246,103,,472,1,1,dormant
184907,24,,83,1,1,dormant
186069,132,,361,1,1,dormant
186448,8,,16,1,1,dormant
188060,57,,143,1,1,dormant
188834,61,,291,1,1,dormant
189547,26,,181,1,1,dormant
190536,151,,419,1,1,dormant
192129,66,,164,1,1,dormant
192287,50,,208,1,1,dormant
192350,15,,65,1,1,dormant
192837,19,,26,1,1,dormant
194540,32,,75,1,1,dormant
194805,3,,8,1,1,dormant
194865,5,,9,1,1,dormant
196363,117,,363,1,1,dormant
197500,97,,291,1,1,dormant
199409,1,,1,1,1,dormant
201526,14,,49,1,1,dormant
203304,87,,263,1,1,dormant
204082,4,,8,1,1,dormant
204157,5,,5,1,1,dormant
204875,25,,43,1,1,dormant
205956,16,,64,1,1,dormant
209680,38,,254,1,1,dormant
210805,101,,342,1,1,dormant
210938,2,,1,1,1,dormant
211137,95,,512,1,1,dormant
211328,16,,73,1,1,dormant
211517,117,,355,1,1,dormant
213101,149,,500,1,1,dormant
213147,2,,1,1,1,dormant
215629,37,,165,1,1,dormant
217090,1,,1,1,1,dormant
218379,4,,10,1,1,dormant
218489,4,,15,1,1,dormant
218821,21,,81,1,1,dormant
219378,53,,151,1,1,dormant
219448,35,,171,1,1,dormant
219897,10,,21,1,1,dormant
226101,27,,148,1,1,dormant
226127,20,,74,1,1,dormant
226748,8,,31,1,1,dormant
227410,10,,49,1,1,dormant
227718,105,,473,1,1,dormant
228835,147,,463,1,1,dormant
230483,6,,21,1,1,dormant
230671,7,,23,1,1,dormant
233480,73,,318,1,1,dormant
235531,15,,33,1,1,dormant
237795,58,,157,1,1,dormant
238069,9,,19,1,1,dormant
238216,23,,81,1,1,dormant
239864,11,,52,1,1,dormant
241066,28,,111,1,1,dormant
241290,48,,282,1,1,dormant
241326,28,,162,1,1,dormant
242663,11,,43,1,1,dormant
243360,61,,188,1,1,dormant
244772,15,,38,1,1,dormant
245680,92,,393,1,1,dormant
245959,23,,58,1,1,dormant
247004,16,,115,1,1,dormant
247801,38,,89,1,1,dormant
247823,45,,165,1,1,dormant
250830,1,,1,1,1,dormant
250942,9,,32,1,1,dormant
251171,7,,15,1,1,dormant
253302,6,,8,1,1,dormant
254057,24,,75,1,1,dormant
254498,59,,263,1,1,dormant
254912,15,,71,1,1,dormant
257347,29,,134,1,1,dormant
259760,1,,1,1,1,dormant
259804,7,,16,1,1,dormant
260483,33,,211,1,1,dormant
260863,38,,151,1,1,dormant
263062,63,,262,1,1,dormant
264208,160,,522,1,1,dormant
265884,6,,27,1,1,dormant
267717,4,,7,1,1,dormant
267961,1,,1,1,1,dormant
267995,43,,290,1,1,dormant
268031,17,,66,1,1,dormant
268262,2,,2,1,1,dormant
269662,23,,81,1,1,dormant
270094,20,,46,1,1,dormant
271960,23,,98,1,1,dormant
272472,24,,65,1,1,dormant
272766,60,,213,1,1,dormant
274472,30,,98,1,1,dormant
275975,74,,358,1,1,dormant
276525,2,,2,1,1,dormant
277372,2,,1,1,1,dormant
280144,65,,244,1,1,dormant
280546,24,,52,1,1,dormant
280728,43,,151,1,1,dormant
282013,85,,273,1,1,dormant
282594,13,,60,1,1,dormant
282659,59,,250,1,1,dormant
286060,9,,42,1,1,dormant
286743,146,,535,1,1,dormant
287759,14,,47,1,1,dormant
288121,56,,159,1,1,dormant
290027,29,,89,1,1,dormant
294666,39,,160,1,1,dormant
296876,4,,96,1,1,dormant
298420,15,,25,1,1,dormant
299953,100,,331,1,1,dormant
300034,75,,209,1,1,dormant
300181,27,,193,1,1,dormant
302136,99,,254,1,1,dormant
306142,10,,12,1,1,dormant
306206,4,,13,1,1,dormant
308838,50,,194,1,1,dormant
309477,57,,136,1,1,dormant
309949,45,,179,1,1,dormant
309951,15,,43,1,1,dormant
310027,44,,254,1,1,dormant
310288,23,,55,1,1,dormant
310487,1,,1,1,1,dormant
311167,113,,371,1,1,dormant
314608,90,,348,1,1,dormant
316722,19,,116,1,1,dormant
320204,25,,99,1,1,dormant
321409,44,,176,1,1,dormant
323560,82,,332,1,1,dormant
324444,148,,512,1,1,dormant
325678,40,,105,1,1,dormant
326503,112,,346,1,1,dormant
326629,28,,95,1,1,dormant
327499,28,,96,1,1,dormant
327865,9,,12,1,1,dormant
327923,24,,89,1,1,dormant
328104,21,,82,1,1,dormant
328526,35,,124,1,1,dormant
328878,142,,413,1,1,dormant
333020,14,,40,1,1,dormant
333038,41,,171,1,1,dormant
333774,42,,180,1,1,dormant
334264,54,,136,1,1,dormant
335371,24,,85,1,1,dormant
336891,4,,17,1,1,dormant
337762,4,,10,1,1,dormant
338149,55,,235,1,1,dormant
339797,2,,2,1,1,dormant
339857,88,,227,1,1,dormant
342771,15,,67,1,1,dormant
345355,25,,63,1,1,dormant
345489,101,,281,1,1,dormant
347219,17,,57,1,1,dormant
347919,33,,112,1,1,dormant
348222,77,,291,1,1,dormant
348272,35,,92,1,1,dormant
348831,11,,109,1,1,dormant
351845,86,,285,1,1,dormant
355999,50,,215,1,1,dormant
356213,3,,8,1,1,dormant
356530,5,,9,1,1,dormant
356894,46,,200,1,1,dormant
360643,2,,2,1,1,dormant
362892,4,,7,1,1,dormant
364788,55,,233,1,1,dormant
365261,49,,225,1,1,dormant
367603,72,,368,1,1,dormant
367986,44,,134,1,1,dormant
368338,21,,90,1,1,dormant
368608,24,,87,1,1,dormant
368634,23,,89,1,1,dormant
369279,3,,13,1,1,dormant
371444,6,,23,1,1,dormant
371529,142,,434,1,1,dormant
372980,20,,87,1,1,dormant
373529,10,,33,1,1,dormant
374901,21,,64,1,1,dormant
376790,14,,32,1,1,dormant
378053,8,,18,1,1,dormant
378267,6,,21,1,1,dormant
379739,124,,388,1,1,dormant
381441,86,,256,1,1,dormant
382475,2,,2,1,1,dormant
384430,9,,32,1,1,dormant
387431,5,,10,1,1,dormant
388315,47,,190,1,1,dormant
388678,2,,8,1,1,dormant
389648,31,,73,1,1,dormant
389684,9,,65,1,1,dormant
392004,89,,445,1,1,dormant
392605,2,,7,1,1,dormant
393022,13,,42,1,1,dormant
395173,12,,58,1,1,dormant
395436,123,,403,1,1,dormant
395810,7,,12,1,1,dormant
395916,3,,7,1,1,dormant
396700,117,,333,1,1,dormant
398762,22,,92,1,1,dormant
398900,55,,385,1,1,dormant
399590,41,,169,1,1,dormant
400264,30,,78,1,1,dormant
401252,16,,45,1,1,dormant
401361,11,,111,1,1,dormant
401470,11,,121,1,1,dormant
402137,5,,16,1,1,dormant
402884,11,,34,1,1,dormant
403853,120,,516,1,1,dormant
407730,79,,443,1,1,dormant
408616,3,,7,1,1,dormant
409745,16,,63,1,1,dormant
409933,77,,348,1,1,dormant
411079,1,,1,1,1,dormant
412719,2,,3,1,1,dormant
413318,2,,3,1,1,dormant
416403,18,,66,1,1,dormant
417566,43,,237,1,1,dormant
418362,8,,26,1,1,dormant
418897,11,,51,1,1,dormant
421214,146,,444,1,1,dormant
421398,24,,87,1,1,dormant
422482,135,,407,1,1,dormant
422640,42,,175,1,1,dormant
424812,121,,494,1,1,dormant
427094,45,,168,1,1,dormant
427537,61,,166,1,1,dormant
428485,79,,220,1,1,dormant
428577,158,,507,1,1,dormant
428845,9,,15,1,1,dormant
429734,40,,118,1,1,dormant
430947,4,,27,1,1,dormant
431739,4,,3,1,1,dormant
434311,8,,24,1,1,dormant
436249,141,,440,1,1,dormant
437733,11,,30,1,1,dormant
438435,1,,1,1,1,dormant
439243,15,,41,1,1,dormant
439449,104,,308,1,1,dormant
439808,2,,1,1,1,dormant
440137,10,,22,1,1,dormant
441683,14,,75,1,1,dormant
442978,10,,50,1,1,dormant
444833,19,,169,1,1,dormant
445170,33,,143,1,1,dormant
445190,117,,285,1,1,dormant
445498,65,,411,1,1,dormant
445799,4,,10,1,1,dormant
446535,112,,443,1,1,dormant
446647,1,,1,1,1,dormant
447448,62,,271,1,1,dormant
447820,1,,1,1,1,dormant
448139,67,,168,1,1,dormant
448785,51,,103,1,1,dormant
449284,97,,272,1,1,dormant
450220,11,,24,1,1,dormant
451553,43,,149,1,1,dormant
451853,115,,341,1,1,dormant
452619,21,,64,1,1,dormant
453428,138,,514,1,1,dormant
453897,16,,45,1,1,dormant
456589,64,,147,1,1,dormant
456834,4,,7,1,1,dormant
457038,13,,26,1,1,dormant
457496,4,,16,1,1,dormant
457716,76,,397,1,1,dormant
458376,12,,31,1,1,dormant
459753,87,,260,1,1,dormant
461258,83,,260,1,1,dormant
461755,8,,39,1,1,dormant
462806,36,,165,1,1,dormant
463515,6,,24,1,1,dormant
463938,19,,50,1,1,dormant
464388,112,,346,1,1,dormant
465413,3,,8,1,1,dormant
466516,9,,24,1,1,dormant
467227,139,,414,1,1,dormant
467799,21,,86,1,1,dormant
470002,63,,222,1,1,dormant
470872,36,,123,1,1,dormant
471541,2,,2,1,1,dormant
471694,63,,163,1,1,dormant
472531,119,,401,1,1,dormant
473011,62,,180,1,1,dormant
473986,2,,7,1,1,dormant
474015,9,,12,1,1,dormant
475147,23,,88,1,1,dormant
476193,83,,277,1,1,dormant
476729,6,,66,1,1,dormant
478181,10,,32,1,1,dormant
478578,44,,123,1,1,dormant
480705,77,,309,1,1,dormant
481019,4,,9,1,1,dormant
481059,33,,80,1,1,dormant
483575,10,,39,1,1,dormant
486305,13,,32,1,1,dormant
486585,95,,425,1,1,dormant
486874,65,,284,1,1,dormant
487827,19,,50,1,1,dormant
487997,21,,51,1,1,dormant
488249,32,,86,1,1,dormant
488780,42,,191,1,1,dormant
489507,7,,16,1,1,dormant
490147,4,,9,1,1,dormant
493211,23,,68,1,1,dormant
494143,4,,33,1,1,dormant
494487,3,,3,1,1,dormant
495385,8,,16,1,1,dormant
496493,5,,16,1,1,dormant
496623,79,,264,1,1,dormant
498252,43,,169,1,1,dormant
502394,133,,441,1,1,dormant
502736,1,,1,1,1,dormant
503988,126,,501,1,1,dormant
505270,75,,443,1,1,dormant
511862,75,,155,1,1,dormant
513830,101,,411,1,1,dormant
515454,125,,375,1,1,dormant
516212,2,,14,1,1,dormant
517814,81,,318,1,1,dormant
519170,41,,159,1,1,dormant
520588,4,,8,1,1,dormant
520795,36,,134,1,1,dormant
520872,35,,89,1,1,dormant
523824,1,,1,1,1,dormant
525869,17,,40,1,1,dormant
525946,2,,8,1,1,dormant
526050,35,,92,1,1,dormant
526120,91,,421,1,1,dormant
528655,22,,66,1,1,dormant
528799,32,,79,1,1,dormant
530326,1,,1,1,1,dormant
532040,21,,217,1,1,dormant
532359,16,,193,1,1,dormant
532648,14,,40,1,1,dormant
533657,85,,457,1,1,dormant
534010,17,,69,1,1,dormant
535288,17,,50,1,1,dormant
536034,3,,1,1,1,dormant
536685,98,,433,1,1,dormant
537497,85,,335,1,1,dormant
538227,36,,141,1,1,dormant
538394,87,,392,1,1,dormant
538832,84,,260,1,1,dormant
539205,50,,265,1,1,dormant
541066,29,,56,1,1,dormant
543494,10,,22,1,1,dormant
544963,12,,48,1,1,dormant
545574,2,,1,1,1,dormant
546923,87,,255,1,1,dormant
548818,35,,106,1,1,dormant
550789,57,,316,1,1,dormant
550861,8,,16,1,1,dormant
557287,4,,8,1,1,dormant
558182,56,,259,1,1,dormant
558659,17,,180,1,1,dormant
560394,71,,224,1,1,dormant
561564,6,,8,1,1,dormant
561927,23,,95,1,1,dormant
562744,8,,28,1,1,dormant
563301,6,,18,1,1,dormant
564940,4,,29,1,1,dormant
565249,37,,189,1,1,dormant
565652,18,,78,1,1,dormant
570793,42,,145,1,1,dormant
570821,5,,11,1,1,dormant
577601,19,,67,1,1,dormant
579376,1,,1,1,1,dormant
581824,72,,359,1,1,dormant
585986,74,,288,1,1,dormant
586274,7,,10,1,1,dormant
586821,41,,293,1,1,dormant
586946,56,,259,1,1,dormant
587580,118,,339,1,1,dormant
588107,8,,19,1,1,dormant
588446,2,,7,1,1,dormant
589557,12,,34,1,1,dormant
589939,43,,135,1,1,dormant
590389,59,,148,1,1,dormant
591719,52,,266,1,1,dormant
593063,11,,24,1,1,dormant
595002,23,,86,1,1,dormant
595360,7,,22,1,1,dormant
597291,1,,1,1,1,dormant
597382,47,,221,1,1,dormant
598768,10,,99,1,1,dormant
599828,55,,191,1,1,dormant
600506,1,,1,1,1,dormant
601021,73,,290,1,1,dormant
601269,33,,154,1,1,dormant
602595,3,,7,1,1,dormant
603312,1,,1,1,1,dormant
604301,46,,212,1,1,dormant
606106,7,,22,1,1,dormant
606247,4,,9,1,1,dormant
607574,3,,6,1,1,dormant
608436,29,,72,1,1,dormant
609412,7,,24,1,1,dormant
609735,6,,30,1,1,dormant
609762,92,,238,1,1,dormant
611236,27,,113,1,1,dormant
611975,18,,69,1,1,dormant
615457,27,,138,1,1,dormant
616321,47,,124,1,1,dormant
617706,91,,360,1,1,dormant
618437,97,,356,1,1,dormant
619213,13,,31,1,1,dormant
620245,42,,139,1,1,dormant
620290,44,,217,1,1,dormant
621566,9,,35,1,1,dormant
622840,8,,10,1,1,dormant
623506,49,,107,1,1,dormant
623648,34,,91,1,1,dormant
624010,19,,45,1,1,dormant
624596,30,,186,1,1,dormant
624827,35,,246,1,1,dormant
625797,7,,9,1,1,dormant
626155,108,,251,1,1,dormant
627156,16,,44,1,1,dormant
627626,10,,40,1,1,dormant
628068,63,,298,1,1,dormant
629904,7,,18,1,1,dormant
630346,5,,20,1,1,dormant
631832,107,,304,1,1,dormant
631891,49,,480,1,1,dormant
633968,49,,146,1,1,dormant
634488,57,,154,1,1,dormant
634969,45,,184,1,1,dormant
639211,31,,122,1,1,dormant
640557,12,,32,1,1,dormant
642620,16,,51,1,1,dormant
642936,66,,179,1,1,dormant
643476,26,,111,1,1,dormant
643648,60,,174,1,1,dormant
643722,88,,216,1,1,dormant
644303,153,,479,1,1,dormant
644467,59,,387,1,1,dormant
645993,48,,119,1,1,dormant
646621,10,,17,1,1,dormant
648517,7,,25,1,1,dormant
649935,2,,1,1,1,dormant
650399,3,,28,1,1,dormant
651877,18,,36,1,1,dormant
652675,3,,8,1,1,dormant
656672,1,,1,1,1,dormant
657839,16,,77,1,1,dormant
657950,77,,313,1,1,dormant
658268,4,,21,1,1,dormant
659069,64,,153,1,1,dormant
660924,15,,58,1,1,dormant
662298,6,,16,1,1,dormant
664018,121,,386,1,1,dormant
665375,81,,236,1,1,dormant
666216,52,,144,1,1,dormant
667310,37,,309,1,1,dormant
668255,13,,31,1,1,dormant
668315,77,,369,1,1,dormant
668541,21,,63,1,1,dormant
672448,94,,408,1,1,dormant
672603,81,,213,1,1,dormant
673146,13,,34,1,1,dormant
677141,10,,36,1,1,dormant
677507,7,,20,1,1,dormant
678800,9,,32,1,1,dormant
680278,12,,39,1,1,dormant
681418,28,,102,1,1,dormant
685883,48,,214,1,1,dormant
687809,63,,160,1,1,dormant
688039,1,,1,1,1,dormant
688263,129,,468,1,1,dormant
688505,31,,80,1,1,dormant
689786,22,,57,1,1,dormant
691652,42,,115,1,1,dormant
692027,20,,34,1,1,dormant
692136,2,,2,1,1,dormant
692348,15,,58,1,1,dormant
693101,20,,60,1,1,dormant
694706,6,,12,1,1,dormant
695973,7,,8,1,1,dormant
696732,16,,73,1,1,dormant
696852,11,,18,1,1,dormant
697290,15,,57,1,1,dormant
702856,16,,48,1,1,dormant
704355,5,,7,1,1,dormant
705937,36,,100,1,1,dormant
706343,16,,53,1,1,dormant
706469,77,,193,1,1,dormant
707184,5,,16,1,1,dormant
707783,2,,1,1,1,dormant
708921,28,,204,1,1,dormant
711278,46,,128,1,1,dormant
712900,1,,1,1,1,dormant
713393,20,,53,1,1,dormant
714916,13,,18,1,1,dormant
716231,67,,240,1,1,dormant
716527,49,,225,1,1,dormant
716826,11,,42,1,1,dormant
720504,62,,287,1,1,dormant
721216,15,,54,1,1,dormant
721277,5,,7,1,1,dormant
722392,21,,178,1,1,dormant
724366,6,,21,1,1,dormant
726348,4,,7,1,1,dormant
726833,33,,104,1,1,dormant
726842,43,,119,1,1,dormant
727245,3,,16,1,1,dormant
728792,24,,115,1,1,dormant
729849,4,,16,1,1,dormant
730171,30,,120,1,1,dormant
731877,151,,515,1,1,dormant
732472,1,,1,1,1,dormant
732518,27,,74,1,1,dormant
733117,14,,48,1,1,dormant
733967,107,,299,1,1,dormant
735911,107,,442,1,1,dormant
736215,81,,242,1,1,dormant
736354,8,,48,1,1,dormant
736527,4,,6,1,1,dormant
736779,166,,536,1,1,dormant
739197,116,,363,1,1,dormant
739405,26,,91,1,1,dormant
739555,42,,125,1,1,dormant
740408,40,,134,1,1,dormant
740899,85,,215,1,1,dormant
741807,38,,301,1,1,dormant
742723,68,,318,1,1,dormant
743750,58,,350,1,1,dormant
744755,64,,339,1,1,dormant
745605,118,,337,1,1,dormant
746779,49,,108,1,1,dormant
747001,26,,98,1,1,dormant
748509,45,,125,1,1,dormant
748640,28,,103,1,1,dormant
748794,31,,95,1,1,dormant
750911,97,,287,1,1,dormant
753235,55,,200,1,1,dormant
753666,46,,150,1,1,dormant
754259,85,,262,1,1,dormant
754472,24,,63,1,1,dormant
755161,12,,39,1,1,dormant
756249,1,,1,1,1,dormant
756533,33,,81,1,1,dormant
758947,50,,121,1,1,dormant
759531,1,,1,1,1,dormant
759598,50,,185,1,1,dormant
759609,1,,1,1,1,dormant
759724,6,,11,1,1,dormant
759814,2,,6,1,1,dormant
760396,35,,235,1,1,dormant
763923,50,,156,1,1,dormant
764307,119,,359,1,1,dormant
765691,130,,414,1,1,dormant
766393,52,,165,1,1,dormant
768024,97,,298,1,1,dormant
769279,34,,76,1,1,dormant
771736,58,,226,1,1,dormant
777140,17,,48,1,1,dormant
778795,82,,346,1,1,dormant
780120,17,,56,1,1,dormant
780953,131,,430,1,1,dormant
782748,79,,372,1,1,dormant
783575,60,,146,1,1,dormant
785003,80,,376,1,1,dormant
789152,41,,116,1,1,dormant
790189,137,,499,1,1,dormant
792503,1,,1,1,1,dormant
794941,106,,350,1,1,dormant
798390,109,,420,1,1,dormant
800058,52,,206,1,1,dormant
800196,1,,1,1,1,dormant
800553,21,,61,1,1,dormant
802943,10,,28,1,1,dormant
804467,2,,7,1,1,dormant
804794,8,,7,1,1,dormant
805832,21,,447,1,1,dormant
807548,12,,81,1,1,dormant
1854,1,,1,1,2,dormant
3790,18,,60,1,2,dormant
3982,3,,13,1,2,dormant
6652,6,,53,1,2,dormant
7460,17,,68,1,2,dormant
9119,4,,11,1,2,dormant
9626,25,,107,1,2,dormant
11830,1,,1,1,2,dormant
16714,35,,108,1,2,dormant
19630,20,,208,1,2,dormant
21105,60,,150,1,2,dormant
21325,13,,25,1,2,dormant
21802,3,,8,1,2,dormant
23247,20,,53,1,2,dormant
24099,4,,4,1,2,dormant
26154,2,,2,1,2,dormant
28035,17,,52,1,2,dormant
31358,8,,12,1,2,dormant
32072,11,,27,1,2,dormant
32268,5,,17,1,2,dormant
35874,2,,2,1,2,dormant
37715,10,,16,1,2,dormant
39121,2,,7,1,2,dormant
45199,13,,18,1,2,dormant
48841,5,,15,1,2,dormant
49885,8,,16,1,2,dormant
50459,24,,76,1,2,dormant
51437,12,,40,1,2,dormant
55662,20,,44,1,2,dormant
55923,54,,125,1,2,dormant
57582,1,,1,1,2,dormant
60506,12,,37,1,2,dormant
62253,48,,185,1,2,dormant
63450,55,,233,1,2,dormant
67465,45,,230,1,2,dormant
70643,87,,219,1,2,dormant
72261,16,,69,1,2,dormant
72369,2,,1,1,2,dormant
72482,37,,129,1,2,dormant
74187,8,,61,1,2,dormant
77078,16,,46,1,2,dormant
80589,30,,73,1,2,dormant
82564,53,,146,1,2,dormant
83726,25,,81,1,2,dormant
86316,2,,2,1,2,dormant
88256,19,,61,1,2,dormant
90675,21,,87,1,2,dormant
92777,2,,1,1,2,dormant
92971,13,,28,1,2,dormant
95728,16,,42,1,2,dormant
96997,62,,200,1,2,dormant
97506,11,,32,1,2,dormant
98233,5,,7,1,2,dormant
100446,58,,199,1,2,dormant
105190,14,,25,1,2,dormant
106454,5,,17,1,2,dormant
110222,14,,26,1,2,dormant
117260,27,,52,1,2,dormant
119226,16,,47,1,2,dormant
121975,3,,14,1,2,dormant
122227,14,,41,1,2,dormant
122612,11,,25,1,2,dormant
124451,32,,64,1,2,dormant
128389,62,,149,1,2,dormant
130838,29,,62,1,2,dormant
136378,6,,23,1,2,dormant
143007,25,,109,1,2,dormant
143873,65,,141,1,2,dormant
144822,3,,7,1,2,dormant
147092,20,,47,1,2,dormant
153042,87,,367,1,2,dormant
153597,12,,43,1,2,dormant
154166,97,,243,1,2,dormant
157995,89,,289,1,2,dormant
158771,8,,18,1,2,dormant
160370,4,,9,1,2,dormant
163475,3,,4,1,2,dormant
163866,4,,9,1,2,dormant
167885,3,,4,1,2,dormant
170043,44,,139,1,2,dormant
173096,17,,58,1,2,dormant
177042,11,,31,1,2,dormant
179882,2,,1,1,2,dormant
184017,2,,7,1,2,dormant
184907,67,,343,1,2,dormant
192350,1,,1,1,2,dormant
194540,41,,183,1,2,dormant
194805,12,,31,1,2,dormant
194865,4,,9,1,2,dormant
199409,21,,64,1,2,dormant
201526,18,,48,1,2,dormant
204082,1,,1,1,2,dormant
205956,32,,117,1,2,dormant
210805,23,,93,1,2,dormant
211328,21,,56,1,2,dormant
213147,2,,2,1,2,dormant
217090,38,,223,1,2,dormant
218379,43,,146,1,2,dormant
218489,11,,16,1,2,dormant
218821,17,,53,1,2,dormant
219378,16,,65,1,2,dormant
230671,1,,1,1,2,dormant
237795,52,,174,1,2,dormant
238216,28,,91,1,2,dormant
241290,2,,7,1,2,dormant
244772,42,,173,1,2,dormant
245959,18,,58,1,2,dormant
250942,93,,352,1,2,dormant
254057,1,,1,1,2,dormant
259760,68,,316,1,2,dormant
259804,32,,127,1,2,dormant
260863,14,,42,1,2,dormant
265884,72,,259,1,2,dormant
267717,70,,266,1,2,dormant
267961,47,,106,1,2,dormant
269662,22,,61,1,2,dormant
272472,45,,186,1,2,dormant
274472,4,,8,1,2,dormant
276525,8,,35,1,2,dormant
277372,9,,25,1,2,dormant
280546,6,,10,1,2,dormant
282594,21,,87,1,2,dormant
287759,7,,13,1,2,dormant
290027,36,,151,1,2,dormant
296876,9,,266,1,2,dormant
299953,3,,8,1,2,dormant
300034,31,,114,1,2,dormant
306206,4,,15,1,2,dormant
308838,24,,90,1,2,dormant
309949,38,,156,1,2,dormant
309951,3,,3,1,2,dormant
310288,1,,1,1,2,dormant
310487,57,,205,1,2,dormant
316722,12,,128,1,2,dormant
320204,32,,94,1,2,dormant
326629,7,,21,1,2,dormant
327499,1,,1,1,2,dormant
328104,33,,130,1,2,dormant
333774,10,,13,1,2,dormant
337762,59,,308,1,2,dormant
339797,16,,40,1,2,dormant
339857,37,,122,1,2,dormant
345489,35,,85,1,2,dormant
347919,27,,94,1,2,dormant
348222,12,,48,1,2,dormant
348272,58,,155,1,2,dormant
348831,1,,1,1,2,dormant
356213,13,,42,1,2,dormant
356530,19,,54,1,2,dormant
360643,4,,24,1,2,dormant
362892,8,,20,1,2,dormant
369279,15,,42,1,2,dormant
371444,37,,143,1,2,dormant
373529,70,,266,1,2,dormant
374901,17,,59,1,2,dormant
378267,6,,56,1,2,dormant
382475,68,,327,1,2,dormant
384430,6,,14,1,2,dormant
387431,1,,1,1,2,dormant
389648,24,,54,1,2,dormant
392605,26,,82,1,2,dormant
393022,3,,10,1,2,dormant
395173,3,,3,1,2,dormant
395916,3,,2,1,2,dormant
396700,12,,43,1,2,dormant
400264,4,,17,1,2,dormant
401470,1,,1,1,2,dormant
402137,1,,1,1,2,dormant
402884,29,,129,1,2,dormant
408616,7,,35,1,2,dormant
409745,24,,81,1,2,dormant
411079,94,,302,1,2,dormant
412719,16,,39,1,2,dormant
418362,9,,31,1,2,dormant
427094,92,,318,1,2,dormant
429734,6,,24,1,2,dormant
430947,7,,30,1,2,dormant
434311,13,,13,1,2,dormant
438435,1,,1,1,2,dormant
439243,21,,41,1,2,dormant
439808,3,,1,1,2,dormant
440137,11,,44,1,2,dormant
441683,5,,16,1,2,dormant
442978,59,,136,1,2,dormant
445190,21,,53,1,2,dormant
445799,1,,1,1,2,dormant
446647,1,,1,1,2,dormant
447820,1,,1,1,2,dormant
449284,22,,51,1,2,dormant
456834,71,,305,1,2,dormant
457496,5,,16,1,2,dormant
461755,23,,47,1,2,dormant
463515,7,,29,1,2,dormant
465413,57,,251,1,2,dormant
466516,17,,66,1,2,dormant
470872,25,,90,1,2,dormant
471541,18,,31,1,2,dormant
473011,61,,190,1,2,dormant
473986,31,,224,1,2,dormant
476193,61,,163,1,2,dormant
476729,14,,29,1,2,dormant
478181,18,,72,1,2,dormant
478578,24,,50,1,2,dormant
481019,4,,13,1,2,dormant
483575,1,,1,1,2,dormant
487827,2,,1,1,2,dormant
487997,3,,15,1,2,dormant
493211,20,,58,1,2,dormant
494143,103,,332,1,2,dormant
494487,20,,60,1,2,dormant
495385,16,,32,1,2,dormant
496493,3,,4,1,2,dormant
502736,84,,189,1,2,dormant
511862,16,,33,1,2,dormant
516212,38,,130,1,2,dormant
520795,5,,8,1,2,dormant
520872,2,,7,1,2,dormant
523824,7,,40,1,2,dormant
525869,19,,72,1,2,dormant
525946,3,,9,1,2,dormant
526050,3,,15,1,2,dormant
528655,4,,16,1,2,dormant
528799,42,,144,1,2,dormant
530326,11,,33,1,2,dormant
532040,7,,8,1,2,dormant
534010,106,,325,1,2,dormant
535288,9,,27,1,2,dormant
536034,10,,28,1,2,dormant
538227,37,,152,1,2,dormant
545574,4,,18,1,2,dormant
548818,51,,197,1,2,dormant
557287,40,,84,1,2,dormant
561927,37,,128,1,2,dormant
562744,50,,181,1,2,dormant
563301,11,,32,1,2,dormant
564940,8,,104,1,2,dormant
565652,10,,22,1,2,dormant
570821,1,,1,1,2,dormant
577601,6,,11,1,2,dormant
579376,1,,1,1,2,dormant
586274,17,,32,1,2,dormant
586821,7,,5,1,2,dormant
588107,54,,150,1,2,dormant
588446,63,,166,1,2,dormant
589557,4,,8,1,2,dormant
595360,1,,1,1,2,dormant
597291,2,,1,1,2,dormant
598768,14,,39,1,2,dormant
600506,6,,17,1,2,dormant
601021,44,,200,1,2,dormant
601269,42,,182,1,2,dormant
602595,3,,6,1,2,dormant
603312,2,,1,1,2,dormant
606106,4,,12,1,2,dormant
606247,5,,8,1,2,dormant
607574,9,,55,1,2,dormant
608436,98,,463,1,2,dormant
609412,4,,8,1,2,dormant
609735,4,,10,1,2,dormant
611975,1,,1,1,2,dormant
616321,1,,1,1,2,dormant
619213,4,,7,1,2,dormant
621566,63,,215,1,2,dormant
623506,56,,146,1,2,dormant
624010,1,,1,1,2,dormant
626155,5,,9,1,2,dormant
627156,17,,31,1,2,dormant
627626,37,,117,1,2,dormant
629904,3,,7,1,2,dormant
630346,87,,353,1,2,dormant
631832,36,,100,1,2,dormant
634488,11,,20,1,2,dormant
634969,14,,50,1,2,dormant
639211,36,,217,1,2,dormant
640557,2,,1,1,2,dormant
642620,45,,120,1,2,dormant
643476,9,,17,1,2,dormant
645993,94,,234,1,2,dormant
648517,4,,16,1,2,dormant
649935,4,,16,1,2,dormant
650399,39,,114,1,2,dormant
652675,21,,86,1,2,dormant
656672,16,,39,1,2,dormant
657839,36,,211,1,2,dormant
658268,31,,86,1,2,dormant
660924,125,,417,1,2,dormant
662298,23,,88,1,2,dormant
666216,51,,229,1,2,dormant
668541,1,,1,1,2,dormant
672603,6,,18,1,2,dormant
673146,4,,4,1,2,dormant
677507,2,,2,1,2,dormant
678800,4,,9,1,2,dormant
680278,5,,10,1,2,dormant
687809,51,,213,1,2,dormant
688039,1,,1,1,2,dormant
692136,2,,8,1,2,dormant
693101,60,,284,1,2,dormant
696732,2,,6,1,2,dormant
697290,22,,83,1,2,dormant
705937,42,,178,1,2,dormant
706343,2,,1,1,2,dormant
706469,2,,4,1,2,dormant
707184,1,,1,1,2,dormant
707783,8,,37,1,2,dormant
711278,34,,88,1,2,dormant
712900,2,,7,1,2,dormant
713393,4,,8,1,2,dormant
716231,46,,195,1,2,dormant
716826,35,,97,1,2,dormant
721216,5,,11,1,2,dormant
724366,2,,1,1,2,dormant
726833,4,,10,1,2,dormant
726842,22,,57,1,2,dormant
727245,7,,22,1,2,dormant
728792,2,,1,1,2,dormant
729849,6,,15,1,2,dormant
730171,68,,175,1,2,dormant
732472,37,,140,1,2,dormant
732518,48,,127,1,2,dormant
733117,29,,92,1,2,dormant
739555,38,,156,1,2,dormant
740408,45,,143,1,2,dormant
740899,11,,40,1,2,dormant
745605,14,,52,1,2,dormant
746779,58,,160,1,2,dormant
747001,44,,143,1,2,dormant
748509,36,,157,1,2,dormant
753235,39,,195,1,2,dormant
753666,44,,115,1,2,dormant
754472,3,,7,1,2,dormant
755161,13,,69,1,2,dormant
756249,10,,88,1,2,dormant
756533,2,,1,1,2,dormant
759531,1,,1,1,2,dormant
759598,1,,1,1,2,dormant
759609,3,,3,1,2,dormant
759724,4,,6,1,2,dormant
759814,120,,438,1,2,dormant
766393,33,,103,1,2,dormant
769279,1,,1,1,2,dormant
771736,36,,117,1,2,dormant
777140,43,,92,1,2,dormant
778795,20,,69,1,2,dormant
789152,7,,8,1,2,dormant
792503,3,,8,1,2,dormant
800196,7,,21,1,2,dormant
800553,65,,280,1,2,dormant
802943,2,,8,1,2,dormant
1854,2,,1,1,3,dormant
3790,4,,14,1,3,dormant
6652,50,,266,1,3,dormant
9119,89,,353,1,3,dormant
11830,14,,34,1,3,dormant
21802,5,,6,1,3,dormant
24099,2,,1,1,3,dormant
31358,18,,34,1,3,dormant
32268,67,,324,1,3,dormant
39121,19,,76,1,3,dormant
48841,31,,168,1,3,dormant
51437,2,,1,1,3,dormant
55662,52,,137,1,3,dormant
55923,6,,52,1,3,dormant
57582,2,,1,1,3,dormant
72261,45,,149,1,3,dormant
72369,54,,221,1,3,dormant
72482,38,,179,1,3,dormant
74187,7,,21,1,3,dormant
83726,5,,10,1,3,dormant
86316,1,,1,1,3,dormant
88256,1,,1,1,3,dormant
90675,44,,154,1,3,dormant
96997,43,,137,1,3,dormant
97506,19,,82,1,3,dormant
106454,6,,30,1,3,dormant
119226,3,,4,1,3,dormant
121975,20,,83,1,3,dormant
122612,67,,170,1,3,dormant
124451,6,,15,1,3,dormant
130838,6,,10,1,3,dormant
136378,26,,106,1,3,dormant
143007,46,,116,1,3,dormant
144822,11,,25,1,3,dormant
157995,25,,62,1,3,dormant
158771,28,,56,1,3,dormant
160370,69,,286,1,3,dormant
163866,36,,74,1,3,dormant
173096,14,,46,1,3,dormant
179882,20,,39,1,3,dormant
184017,4,,8,1,3,dormant
192350,2,,1,1,3,dormant
194805,16,,60,1,3,dormant
194865,51,,254,1,3,dormant
199409,1,,1,1,3,dormant
201526,15,,29,1,3,dormant
210805,11,,34,1,3,dormant
211328,2,,3,1,3,dormant
213147,1,,1,1,3,dormant
230671,1,,1,1,3,dormant
237795,42,,98,1,3,dormant
241290,13,,86,1,3,dormant
245959,116,,342,1,3,dormant
254057,15,,48,1,3,dormant
259804,2,,4,1,3,dormant
267717,3,,1,1,3,dormant
267961,52,,130,1,3,dormant
274472,2,,1,1,3,dormant
276525,23,,59,1,3,dormant
277372,8,,18,1,3,dormant
290027,2,,1,1,3,dormant
299953,9,,24,1,3,dormant
306206,10,,39,1,3,dormant
308838,15,,44,1,3,dormant
309951,17,,46,1,3,dormant
310288,40,,144,1,3,dormant
316722,6,,8,1,3,dormant
326629,5,,4,1,3,dormant
327499,4,,9,1,3,dormant
328104,39,,143,1,3,dormant
339797,13,,41,1,3,dormant
339857,4,,5,1,3,dormant
348831,21,,57,1,3,dormant
356213,21,,44,1,3,dormant
356530,4,,16,1,3,dormant
360643,19,,46,1,3,dormant
362892,38,,81,1,3,dormant
369279,8,,21,1,3,dormant
371444,42,,152,1,3,dormant
384430,29,,98,1,3,dormant
387431,10,,14,1,3,dormant
393022,1,,1,1,3,dormant
395173,1,,1,1,3,dormant
400264,38,,117,1,3,dormant
402137,16,,83,1,3,dormant
402884,12,,25,1,3,dormant
408616,2,,1,1,3,dormant
411079,23,,69,1,3,dormant
412719,47,,187,1,3,dormant
418362,1,,1,1,3,dormant
430947,33,,126,1,3,dormant
438435,3,,2,1,3,dormant
439243,13,,25,1,3,dormant
439808,23,,51,1,3,dormant
441683,50,,116,1,3,dormant
445799,1,,1,1,3,dormant
446647,3,,4,1,3,dormant
447820,24,,64,1,3,dormant
457496,14,,47,1,3,dormant
461755,3,,4,1,3,dormant
465413,13,,51,1,3,dormant
470872,45,,156,1,3,dormant
471541,3,,1,1,3,dormant
478578,25,,52,1,3,dormant
481019,119,,399,1,3,dormant
483575,7,,24,1,3,dormant
487997,1,,1,1,3,dormant
494143,13,,28,1,3,dormant
495385,4,,3,1,3,dormant
496493,3,,8,1,3,dormant
502736,26,,37,1,3,dormant
511862,59,,137,1,3,dormant
516212,23,,97,1,3,dormant
520795,6,,25,1,3,dormant
520872,5,,16,1,3,dormant
523824,3,,16,1,3,dormant
525869,10,,16,1,3,dormant
525946,57,,246,1,3,dormant
526050,16,,66,1,3,dormant
528655,1,,1,1,3,dormant
528799,44,,221,1,3,dormant
530326,18,,46,1,3,dormant
532040,11,,44,1,3,dormant
535288,41,,183,1,3,dormant
536034,4,,3,1,3,dormant
545574,37,,96,1,3,dormant
562744,18,,55,1,3,dormant
563301,1,,1,1,3,dormant
565652,24,,47,1,3,dormant
570821,1,,1,1,3,dormant
577601,74,,206,1,3,dormant
579376,30,,86,1,3,dormant
586274,12,,18,1,3,dormant
589557,42,,190,1,3,dormant
595360,5,,17,1,3,dormant
597291,98,,339,1,3,dormant
598768,14,,23,1,3,dormant
600506,1,,1,1,3,dormant
601269,12,,50,1,3,dormant
602595,7,,17,1,3,dormant
603312,4,,8,1,3,dormant
606106,59,,132,1,3,dormant
606247,13,,54,1,3,dormant
607574,27,,64,1,3,dormant
609412,26,,99,1,3,dormant
609735,10,,39,1,3,dormant
611975,22,,66,1,3,dormant
616321,35,,149,1,3,dormant
619213,9,,70,1,3,dormant
621566,31,,106,1,3,dormant
623506,2,,1,1,3,dormant
624010,1,,1,1,3,dormant
626155,4,,4,1,3,dormant
627156,10,,14,1,3,dormant
627626,2,,1,1,3,dormant
629904,16,,60,1,3,dormant
634969,36,,139,1,3,dormant
640557,6,,24,1,3,dormant
642620,16,,50,1,3,dormant
648517,2,,2,1,3,dormant
649935,10,,24,1,3,dormant
650399,7,,17,1,3,dormant
652675,6,,17,1,3,dormant
656672,1,,1,1,3,dormant
658268,22,,77,1,3,dormant
672603,35,,111,1,3,dormant
677507,1,,1,1,3,dormant
678800,17,,68,1,3,dormant
680278,26,,62,1,3,dormant
688039,33,,107,1,3,dormant
692136,31,,83,1,3,dormant
696732,18,,72,1,3,dormant
706469,9,,25,1,3,dormant
707184,39,,139,1,3,dormant
707783,2,,7,1,3,dormant
711278,33,,81,1,3,dormant
712900,1,,1,1,3,dormant
713393,9,,31,1,3,dormant
716826,11,,16,1,3,dormant
721216,4,,8,1,3,dormant
724366,27,,97,1,3,dormant
726833,1,,1,1,3,dormant
726842,6,,18,1,3,dormant
727245,2,,1,1,3,dormant
728792,1,,1,1,3,dormant
729849,24,,71,1,3,dormant
730171,61,,145,1,3,dormant
740899,3,,8,1,3,dormant
745605,10,,15,1,3,dormant
753666,26,,56,1,3,dormant
754472,13,,32,1,3,dormant
755161,4,,9,1,3,dormant
756533,21,,65,1,3,dormant
759598,16,,40,1,3,dormant
759609,7,,16,1,3,dormant
766393,12,,11,1,3,dormant
769279,64,,154,1,3,dormant
777140,19,,29,1,3,dormant
792503,49,,127,1,3,dormant
800196,7,,22,1,3,dormant
802943,2,,7,1,3,dormant
1854,5,,17,1,4,dormant
3790,5,,12,1,4,dormant
24099,7,,21,1,4,dormant
39121,4,,8,1,4,dormant
51437,48,,186,1,4,dormant
55662,35,,89,1,4,dormant
55923,19,,48,1,4,dormant
57582,5,,8,1,4,dormant
72369,39,,127,1,4,dormant
74187,51,,250,1,4,dormant
83726,43,,161,1,4,dormant
88256,13,,81,1,4,dormant
106454,18,,76,1,4,dormant
119226,66,,158,1,4,dormant
121975,11,,15,1,4,dormant
124451,50,,140,1,4,dormant
130838,22,,175,1,4,dormant
136378,1,,1,1,4,dormant
158771,2,,2,1,4,dormant
163866,5,,16,1,4,dormant
173096,51,,244,1,4,dormant
184017,2,,6,1,4,dormant
192350,1,,1,1,4,dormant
194805,42,,169,1,4,dormant
199409,2,,7,1,4,dormant
213147,5,,8,1,4,dormant
230671,1,,1,1,4,dormant
276525,10,,42,1,4,dormant
277372,10,,18,1,4,dormant
306206,20,,73,1,4,dormant
326629,12,,18,1,4,dormant
327499,28,,78,1,4,dormant
339797,7,,8,1,4,dormant
348831,12,,24,1,4,dormant
356213,1,,1,1,4,dormant
356530,45,,202,1,4,dormant
360643,76,,223,1,4,dormant
369279,1,,1,1,4,dormant
393022,8,,18,1,4,dormant
395173,2,,1,1,4,dormant
402137,14,,65,1,4,dormant
408616,4,,8,1,4,dormant
418362,14,,56,1,4,dormant
438435,21,,64,1,4,dormant
441683,15,,63,1,4,dormant
445799,2,,1,1,4,dormant
457496,3,,9,1,4,dormant
483575,56,,257,1,4,dormant
487997,39,,169,1,4,dormant
496493,32,,187,1,4,dormant
520872,33,,110,1,4,dormant
523824,7,,17,1,4,dormant
526050,18,,58,1,4,dormant
528655,4,,23,1,4,dormant
530326,31,,144,1,4,dormant
545574,4,,3,1,4,dormant
562744,26,,71,1,4,dormant
563301,7,,31,1,4,dormant
579376,2,,4,1,4,dormant
586274,15,,25,1,4,dormant
595360,23,,45,1,4,dormant
600506,10,,30,1,4,dormant
602595,10,,16,1,4,dormant
603312,1,,1,1,4,dormant
606106,62,,154,1,4,dormant
607574,64,,199,1,4,dormant
609412,1,,1,1,4,dormant
609735,12,,54,1,4,dormant
611975,56,,147,1,4,dormant
619213,60,,237,1,4,dormant
624010,36,,153,1,4,dormant
640557,11,,22,1,4,dormant
649935,4,,8,1,4,dormant
650399,4,,9,1,4,dormant
652675,22,,86,1,4,dormant
656672,41,,170,1,4,dormant
658268,4,,5,1,4,dormant
677507,14,,29,1,4,dormant
678800,4,,9,1,4,dormant
680278,21,,25,1,4,dormant
692136,15,,34,1,4,dormant
696732,18,,49,1,4,dormant
707783,10,,25,1,4,dormant
712900,29,,58,1,4,dormant
713393,6,,11,1,4,dormant
721216,7,,7,1,4,dormant
724366,1,,1,1,4,dormant
726833,1,,1,1,4,dormant
726842,5,,21,1,4,dormant
728792,4,,10,1,4,dormant
729849,39,,186,1,4,dormant
754472,34,,75,1,4,dormant
755161,38,,129,1,4,dormant
756533,1,,1,1,4,dormant
792503,20,,90,1,4,dormant
800196,6,,26,1,4,dormant
802943,16,,48,1,4,dormant
1854,1,,1,1,5,dormant
3790,52,,228,1,5,dormant
24099,1,,1,1,5,dormant
39121,1,,1,1,5,dormant
88256,1,,1,1,5,dormant
106454,29,,85,1,5,dormant
136378,14,,33,1,5,dormant
163866,60,,203,1,5,dormant
184017,52,,138,1,5,dormant
192350,1,,1,1,5,dormant
199409,1,,1,1,5,dormant
213147,29,,89,1,5,dormant
230671,12,,23,1,5,dormant
276525,10,,15,1,5,dormant
277372,54,,122,1,5,dormant
306206,17,,53,1,5,dormant
356213,4,,10,1,5,dormant
393022,19,,48,1,5,dormant
395173,5,,11,1,5,dormant
402137,23,,78,1,5,dormant
408616,4,,10,1,5,dormant
418362,6,,22,1,5,dormant
438435,8,,15,1,5,dormant
441683,24,,91,1,5,dormant
445799,3,,2,1,5,dormant
457496,2,,3,1,5,dormant
523824,17,,64,1,5,dormant
526050,16,,56,1,5,dormant
528655,1,,1,1,5,dormant
545574,1,,1,1,5,dormant
563301,3,,2,1,5,dormant
579376,10,,31,1,5,dormant
595360,29,,71,1,5,dormant
600506,8,,17,1,5,dormant
603312,48,,236,1,5,dormant
609412,10,,15,1,5,dormant
609735,34,,107,1,5,dormant
624010,8,,17,1,5,dormant
649935,3,,1,1,5,dormant
650399,10,,14,1,5,dormant
652675,2,,2,1,5,dormant
656672,9,,19,1,5,dormant
678800,10,,25,1,5,dormant
692136,6,,7,1,5,dormant
707783,53,,250,1,5,dormant
712900,2,,1,1,5,dormant
713393,31,,59,1,5,dormant
724366,7,,13,1,5,dormant
726833,28,,120,1,5,dormant
726842,1,,1,1,5,dormant
728792,8,,24,1,5,dormant
754472,12,,28,1,5,dormant
756533,2,,1,1,5,dormant
800196,5,,17,1,5,dormant
802943,12,,30,1,5,dormant
1854,5,,18,1,6,dormant
39121,2,,2,1,6,dormant
88256,1,,1,1,6,dormant
184017,24,,83,1,6,dormant
192350,3,,8,1,6,dormant
199409,37,,104,1,6,dormant
356213,3,,44,1,6,dormant
393022,19,,48,1,6,dormant
395173,19,,44,1,6,dormant
418362,6,,16,1,6,dormant
445799,15,,22,1,6,dormant
457496,23,,81,1,6,dormant
523824,27,,90,1,6,dormant
563301,1,,1,1,6,dormant
579376,26,,88,1,6,dormant
595360,19,,41,1,6,dormant
652675,8,,11,1,6,dormant
678800,15,,57,1,6,dormant
692136,6,,10,1,6,dormant
712900,33,,82,1,6,dormant
726842,3,,3,1,6,dormant
728792,17,,52,1,6,dormant
756533,11,,55,1,6,dormant
800196,13,,45,1,6,dormant
1854,51,,160,1,7,dormant
393022,13,,28,1,7,dormant
445799,1,,1,1,7,dormant
563301,4,,4,1,7,dormant
595360,9,,18,1,7,dormant
678800,20,,66,1,7,dormant
692136,4,,7,1,7,dormant
712900,18,,37,1,7,dormant
756533,10,,28,1,7,dormant
800196,23,,55,1,7,dormant
445799,15,,30,1,8,dormant
563301,11,,19,1,8,dormant
563301,1,,1,1,9,dormant
563301,1,,1,1,10,dormant
