treatment_dept_id,closure_start,closure_end,closure_duration_days,closure_event_id,control_dept_id,pre_start,pre_end,during_start,during_end,n_products_pre,n_products_during,n_introduced_during,introduced_product_ids,introduced_product_names
254,2021-01-30,2021-02-21,23,dept_254_closure_2021-01-30,2,2021-01-07,2021-01-29,2021-01-30,2021-02-21,51,49,1,50,厚乳拿铁_7
254,2021-01-30,2021-02-21,23,dept_254_closure_2021-01-30,175,2021-01-07,2021-01-29,2021-01-30,2021-02-21,54,53,1,50,厚乳拿铁_7
254,2021-01-30,2021-02-21,23,dept_254_closure_2021-01-30,176,2021-01-07,2021-01-29,2021-01-30,2021-02-21,51,49,3,50|122|158,厚乳拿铁_7|气泡美式_2|瑞纳冰_1
254,2021-01-30,2021-02-21,23,dept_254_closure_2021-01-30,252,2021-01-07,2021-01-29,2021-01-30,2021-02-21,0,0,0,,
254,2021-01-30,2021-02-21,23,dept_254_closure_2021-01-30,253,2021-01-07,2021-01-29,2021-01-30,2021-02-21,26,0,0,,
228,2021-02-04,2021-02-20,17,dept_228_closure_2021-02-04,16,2021-01-18,2021-02-03,2021-02-04,2021-02-20,0,0,0,,
228,2021-02-04,2021-02-20,17,dept_228_closure_2021-02-04,18,2021-01-18,2021-02-03,2021-02-04,2021-02-20,49,45,4,3|4|121|158,NFC_2|NFC_3|气泡美式_1|瑞纳冰_1
228,2021-02-04,2021-02-20,17,dept_228_closure_2021-02-04,20,2021-01-18,2021-02-03,2021-02-04,2021-02-20,46,43,3,33|179|208,厚乳奶茶_0|瑞纳冰_7|美式_0
228,2021-02-04,2021-02-20,17,dept_228_closure_2021-02-04,27,2021-01-18,2021-02-03,2021-02-04,2021-02-20,0,0,0,,
228,2021-02-04,2021-02-20,17,dept_228_closure_2021-02-04,35,2021-01-18,2021-02-03,2021-02-04,2021-02-20,42,42,2,161|171,瑞纳冰_12|瑞纳冰_21
225,2021-02-09,2021-02-18,10,dept_225_closure_2021-02-09,217,2021-01-30,2021-02-08,2021-02-09,2021-02-18,52,33,0,,
225,2021-02-09,2021-02-18,10,dept_225_closure_2021-02-09,223,2021-01-30,2021-02-08,2021-02-09,2021-02-18,45,31,1,171,瑞纳冰_21
225,2021-02-09,2021-02-18,10,dept_225_closure_2021-02-09,226,2021-01-30,2021-02-08,2021-02-09,2021-02-18,47,28,0,,
225,2021-02-09,2021-02-18,10,dept_225_closure_2021-02-09,227,2021-01-30,2021-02-08,2021-02-09,2021-02-18,41,22,0,,
225,2021-02-09,2021-02-18,10,dept_225_closure_2021-02-09,236,2021-01-30,2021-02-08,2021-02-09,2021-02-18,48,43,4,84|121|160|179,拿铁_12|气泡美式_1|瑞纳冰_11|瑞纳冰_7
181,2021-02-11,2021-02-25,15,dept_181_closure_2021-02-11,4,2021-01-27,2021-02-10,2021-02-11,2021-02-25,0,0,0,,
181,2021-02-11,2021-02-25,15,dept_181_closure_2021-02-11,6,2021-01-27,2021-02-10,2021-02-11,2021-02-25,48,44,1,158,瑞纳冰_1
181,2021-02-11,2021-02-25,15,dept_181_closure_2021-02-11,7,2021-01-27,2021-02-10,2021-02-11,2021-02-25,43,46,5,160|173|179|238|249,瑞纳冰_11|瑞纳冰_23|瑞纳冰_7|茉莉轻乳茶|超有料茉莉花茶
181,2021-02-11,2021-02-25,15,dept_181_closure_2021-02-11,9,2021-01-27,2021-02-10,2021-02-11,2021-02-25,48,49,7,33|92|122|129|205|225|227,厚乳奶茶_0|拿铁_20|气泡美式_2|满杯百香果|纯牛奶_1|芋泥布丁|芋泥牛乳_1
181,2021-02-11,2021-02-25,15,dept_181_closure_2021-02-11,180,2021-01-27,2021-02-10,2021-02-11,2021-02-25,52,52,1,4,NFC_3
8,2021-05-27,2021-06-10,15,dept_8_closure_2021-05-27,10,2021-05-12,2021-05-26,2021-05-27,2021-06-10,63,74,14,35|38|53|78|92|102|103|106|123|144|146|169|170|257,厚乳拿铁_0|厚乳拿铁_12|夏日桃桃冰_1|抹茶好喝椰|拿铁_20|杨枝甘露_1|杨枝甘露_2|杨枝甘露_5|气泡美式_3|燕麦拿铁_4|燕麦拿铁_6|瑞纳冰_2|瑞纳冰_20|香草拿铁_1
8,2021-05-27,2021-06-10,15,dept_8_closure_2021-05-27,178,2021-05-12,2021-05-26,2021-05-27,2021-06-10,76,79,12,38|53|72|95|118|123|146|169|170|188|189|218,厚乳拿铁_12|夏日桃桃冰_1|巧克力_0|拿铁_4|椰青冰萃|气泡美式_3|燕麦拿铁_6|瑞纳冰_2|瑞纳冰_20|生椰拿铁_1|生椰拿铁_2|胶原酸奶冻_3
8,2021-05-27,2021-06-10,15,dept_8_closure_2021-05-27,184,2021-05-12,2021-05-26,2021-05-27,2021-06-10,71,76,13,38|53|72|82|118|123|142|169|170|188|189|218|255,厚乳拿铁_12|夏日桃桃冰_1|巧克力_0|拿铁_1|椰青冰萃|气泡美式_3|燕麦拿铁_2|瑞纳冰_2|瑞纳冰_20|生椰拿铁_1|生椰拿铁_2|胶原酸奶冻_3|阿华田厚乳_1
8,2021-05-27,2021-06-10,15,dept_8_closure_2021-05-27,188,2021-05-12,2021-05-26,2021-05-27,2021-06-10,70,80,15,38|53|78|82|106|118|123|169|170|179|188|189|218|223|255,厚乳拿铁_12|夏日桃桃冰_1|抹茶好喝椰|拿铁_1|杨枝甘露_5|椰青冰萃|气泡美式_3|瑞纳冰_2|瑞纳冰_20|瑞纳冰_7|生椰拿铁_1|生椰拿铁_2|胶原酸奶冻_3|芋泥厚乳|阿华田厚乳_1
8,2021-05-27,2021-06-10,15,dept_8_closure_2021-05-27,190,2021-05-12,2021-05-26,2021-05-27,2021-06-10,72,84,18,38|53|72|81|92|103|106|118|120|121|123|144|146|169|170|188|189|218,厚乳拿铁_12|夏日桃桃冰_1|巧克力_0|拿铁_0|拿铁_20|杨枝甘露_2|杨枝甘露_5|椰青冰萃|气泡美式_0|气泡美式_1|气泡美式_3|燕麦拿铁_4|燕麦拿铁_6|瑞纳冰_2|瑞纳冰_20|生椰拿铁_1|生椰拿铁_2|胶原酸奶冻_3
19,2021-07-15,2021-07-25,11,dept_19_closure_2021-07-15,30,2021-07-04,2021-07-14,2021-07-15,2021-07-25,66,69,15,69|70|89|107|125|148|155|159|180|195|197|205|216|231|242,工夫厚乳|工夫轻乳茶_0|拿铁_17|杨梅很好喝|满杯杨梅|燕麦拿铁_8|牛油果椰子冻|瑞纳冰_10|瑞纳冰_8|生椰胶原冻_0|白桃乌龙茶|纯牛奶_1|胶原酸奶冻_1|芒果好喝椰|荔枝_0
19,2021-07-15,2021-07-25,11,dept_19_closure_2021-07-15,36,2021-07-04,2021-07-14,2021-07-15,2021-07-25,76,69,9,92|93|107|125|142|159|195|208|231,拿铁_20|拿铁_21|杨梅很好喝|满杯杨梅|燕麦拿铁_2|瑞纳冰_10|生椰胶原冻_0|美式_0|芒果好喝椰
19,2021-07-15,2021-07-25,11,dept_19_closure_2021-07-15,37,2021-07-04,2021-07-14,2021-07-15,2021-07-25,83,81,7,69|72|107|125|159|195|231,工夫厚乳|巧克力_0|杨梅很好喝|满杯杨梅|瑞纳冰_10|生椰胶原冻_0|芒果好喝椰
19,2021-07-15,2021-07-25,11,dept_19_closure_2021-07-15,224,2021-07-04,2021-07-14,2021-07-15,2021-07-25,77,76,7,102|107|125|159|195|231|243,杨枝甘露_1|杨梅很好喝|满杯杨梅|瑞纳冰_10|生椰胶原冻_0|芒果好喝椰|荔枝_1
19,2021-07-15,2021-07-25,11,dept_19_closure_2021-07-15,230,2021-07-04,2021-07-14,2021-07-15,2021-07-25,85,86,6,107|125|140|159|195|231,杨梅很好喝|满杯杨梅|燕麦拿铁_0|瑞纳冰_10|生椰胶原冻_0|芒果好喝椰
124,2021-07-22,2021-08-18,28,dept_124_closure_2021-07-22,113,2021-06-24,2021-07-21,2021-07-22,2021-08-18,88,90,15,22|75|90|93|130|132|164|177|181|193|217|231|244|251|260,冰萃咖啡_1|抹茶厚乳_0|拿铁_18|拿铁_21|满杯葡萄_0|满杯车厘子|瑞纳冰_15|瑞纳冰_5|瑞纳冰_9|生椰拿铁_6|胶原酸奶冻_2|芒果好喝椰|葡萄很好喝_0|车厘子很好喝|鸳鸯拿铁_2
124,2021-07-22,2021-08-18,28,dept_124_closure_2021-07-22,114,2021-06-24,2021-07-21,2021-07-22,2021-08-18,93,95,15,22|90|130|132|164|177|181|193|217|231|236|244|251|255|260,冰萃咖啡_1|拿铁_18|满杯葡萄_0|满杯车厘子|瑞纳冰_15|瑞纳冰_5|瑞纳冰_9|生椰拿铁_6|胶原酸奶冻_2|芒果好喝椰|茉莉抹抹茶|葡萄很好喝_0|车厘子很好喝|阿华田厚乳_1|鸳鸯拿铁_2
124,2021-07-22,2021-08-18,28,dept_124_closure_2021-07-22,115,2021-06-24,2021-07-21,2021-07-22,2021-08-18,96,95,14,22|79|90|130|132|164|177|181|193|205|217|244|251|260,冰萃咖啡_1|抹茶慕斯拿铁|拿铁_18|满杯葡萄_0|满杯车厘子|瑞纳冰_15|瑞纳冰_5|瑞纳冰_9|生椰拿铁_6|纯牛奶_1|胶原酸奶冻_2|葡萄很好喝_0|车厘子很好喝|鸳鸯拿铁_2
124,2021-07-22,2021-08-18,28,dept_124_closure_2021-07-22,117,2021-06-24,2021-07-21,2021-07-22,2021-08-18,0,0,0,,
124,2021-07-22,2021-08-18,28,dept_124_closure_2021-07-22,122,2021-06-24,2021-07-21,2021-07-22,2021-08-18,96,92,14,22|79|90|125|130|132|164|177|181|193|217|244|251|260,冰萃咖啡_1|抹茶慕斯拿铁|拿铁_18|满杯杨梅|满杯葡萄_0|满杯车厘子|瑞纳冰_15|瑞纳冰_5|瑞纳冰_9|生椰拿铁_6|胶原酸奶冻_2|葡萄很好喝_0|车厘子很好喝|鸳鸯拿铁_2
44,2021-07-24,2021-08-05,13,dept_44_closure_2021-07-24,26,2021-07-11,2021-07-23,2021-07-24,2021-08-05,79,71,11,22|69|75|90|130|132|133|158|164|177|251,冰萃咖啡_1|工夫厚乳|抹茶厚乳_0|拿铁_18|满杯葡萄_0|满杯车厘子|澳洲燕麦奶|瑞纳冰_1|瑞纳冰_15|瑞纳冰_5|车厘子很好喝
44,2021-07-24,2021-08-05,13,dept_44_closure_2021-07-24,28,2021-07-11,2021-07-23,2021-07-24,2021-08-05,70,55,9,22|33|75|90|92|93|142|177|251,冰萃咖啡_1|厚乳奶茶_0|抹茶厚乳_0|拿铁_18|拿铁_20|拿铁_21|燕麦拿铁_2|瑞纳冰_5|车厘子很好喝
44,2021-07-24,2021-08-05,13,dept_44_closure_2021-07-24,32,2021-07-11,2021-07-23,2021-07-24,2021-08-05,79,82,10,22|69|90|92|132|162|164|177|251|260,冰萃咖啡_1|工夫厚乳|拿铁_18|拿铁_20|满杯车厘子|瑞纳冰_13|瑞纳冰_15|瑞纳冰_5|车厘子很好喝|鸳鸯拿铁_2
44,2021-07-24,2021-08-05,13,dept_44_closure_2021-07-24,33,2021-07-11,2021-07-23,2021-07-24,2021-08-05,0,0,0,,
44,2021-07-24,2021-08-05,13,dept_44_closure_2021-07-24,45,2021-07-11,2021-07-23,2021-07-24,2021-08-05,79,85,11,22|103|130|132|140|164|177|215|244|251|260,冰萃咖啡_1|杨枝甘露_2|满杯葡萄_0|满杯车厘子|燕麦拿铁_0|瑞纳冰_15|瑞纳冰_5|胶原酸奶冻_0|葡萄很好喝_0|车厘子很好喝|鸳鸯拿铁_2
238,2021-07-24,2021-08-21,29,dept_238_closure_2021-07-24,29,2021-06-25,2021-07-23,2021-07-24,2021-08-21,77,78,20,22|69|72|90|93|125|130|132|143|164|177|193|195|216|217|231|243|244|251|260,冰萃咖啡_1|工夫厚乳|巧克力_0|拿铁_18|拿铁_21|满杯杨梅|满杯葡萄_0|满杯车厘子|燕麦拿铁_3|瑞纳冰_15|瑞纳冰_5|生椰拿铁_6|生椰胶原冻_0|胶原酸奶冻_1|胶原酸奶冻_2|芒果好喝椰|荔枝_1|葡萄很好喝_0|车厘子很好喝|鸳鸯拿铁_2
238,2021-07-24,2021-08-21,29,dept_238_closure_2021-07-24,34,2021-06-25,2021-07-23,2021-07-24,2021-08-21,90,92,14,22|79|90|130|132|164|177|193|217|231|236|244|251|260,冰萃咖啡_1|抹茶慕斯拿铁|拿铁_18|满杯葡萄_0|满杯车厘子|瑞纳冰_15|瑞纳冰_5|生椰拿铁_6|胶原酸奶冻_2|芒果好喝椰|茉莉抹抹茶|葡萄很好喝_0|车厘子很好喝|鸳鸯拿铁_2
238,2021-07-24,2021-08-21,29,dept_238_closure_2021-07-24,40,2021-06-25,2021-07-23,2021-07-24,2021-08-21,98,84,12,22|90|130|132|164|177|181|193|217|244|251|260,冰萃咖啡_1|拿铁_18|满杯葡萄_0|满杯车厘子|瑞纳冰_15|瑞纳冰_5|瑞纳冰_9|生椰拿铁_6|胶原酸奶冻_2|葡萄很好喝_0|车厘子很好喝|鸳鸯拿铁_2
238,2021-07-24,2021-08-21,29,dept_238_closure_2021-07-24,50,2021-06-25,2021-07-23,2021-07-24,2021-08-21,86,91,19,22|69|90|93|130|132|135|142|164|177|181|193|195|217|242|244|251|259|260,冰萃咖啡_1|工夫厚乳|拿铁_18|拿铁_21|满杯葡萄_0|满杯车厘子|澳瑞白_2|燕麦拿铁_2|瑞纳冰_15|瑞纳冰_5|瑞纳冰_9|生椰拿铁_6|生椰胶原冻_0|胶原酸奶冻_2|荔枝_0|葡萄很好喝_0|车厘子很好喝|鸳鸯拿铁_1|鸳鸯拿铁_2
238,2021-07-24,2021-08-21,29,dept_238_closure_2021-07-24,232,2021-06-25,2021-07-23,2021-07-24,2021-08-21,96,91,12,22|90|130|132|164|177|181|193|217|244|251|260,冰萃咖啡_1|拿铁_18|满杯葡萄_0|满杯车厘子|瑞纳冰_15|瑞纳冰_5|瑞纳冰_9|生椰拿铁_6|胶原酸奶冻_2|葡萄很好喝_0|车厘子很好喝|鸳鸯拿铁_2
39,2021-07-25,2021-08-19,26,dept_39_closure_2021-07-25,69,2021-06-29,2021-07-24,2021-07-25,2021-08-19,93,91,14,22|79|90|130|132|164|177|181|193|217|236|244|251|260,冰萃咖啡_1|抹茶慕斯拿铁|拿铁_18|满杯葡萄_0|满杯车厘子|瑞纳冰_15|瑞纳冰_5|瑞纳冰_9|生椰拿铁_6|胶原酸奶冻_2|茉莉抹抹茶|葡萄很好喝_0|车厘子很好喝|鸳鸯拿铁_2
39,2021-07-25,2021-08-19,26,dept_39_closure_2021-07-25,70,2021-06-29,2021-07-24,2021-07-25,2021-08-19,89,89,15,22|90|93|130|132|164|177|181|193|217|236|244|251|253|260,冰萃咖啡_1|拿铁_18|拿铁_21|满杯葡萄_0|满杯车厘子|瑞纳冰_15|瑞纳冰_5|瑞纳冰_9|生椰拿铁_6|胶原酸奶冻_2|茉莉抹抹茶|葡萄很好喝_0|车厘子很好喝|酸奶冻|鸳鸯拿铁_2
39,2021-07-25,2021-08-19,26,dept_39_closure_2021-07-25,71,2021-06-29,2021-07-24,2021-07-25,2021-08-19,98,90,13,22|79|90|130|132|164|177|181|193|217|244|251|260,冰萃咖啡_1|抹茶慕斯拿铁|拿铁_18|满杯葡萄_0|满杯车厘子|瑞纳冰_15|瑞纳冰_5|瑞纳冰_9|生椰拿铁_6|胶原酸奶冻_2|葡萄很好喝_0|车厘子很好喝|鸳鸯拿铁_2
39,2021-07-25,2021-08-19,26,dept_39_closure_2021-07-25,76,2021-06-29,2021-07-24,2021-07-25,2021-08-19,93,92,12,22|90|130|132|164|177|181|193|217|244|251|260,冰萃咖啡_1|拿铁_18|满杯葡萄_0|满杯车厘子|瑞纳冰_15|瑞纳冰_5|瑞纳冰_9|生椰拿铁_6|胶原酸奶冻_2|葡萄很好喝_0|车厘子很好喝|鸳鸯拿铁_2
39,2021-07-25,2021-08-19,26,dept_39_closure_2021-07-25,78,2021-06-29,2021-07-24,2021-07-25,2021-08-19,91,91,17,22|69|90|125|130|132|140|164|177|181|193|195|217|236|244|251|260,冰萃咖啡_1|工夫厚乳|拿铁_18|满杯杨梅|满杯葡萄_0|满杯车厘子|燕麦拿铁_0|瑞纳冰_15|瑞纳冰_5|瑞纳冰_9|生椰拿铁_6|生椰胶原冻_0|胶原酸奶冻_2|茉莉抹抹茶|葡萄很好喝_0|车厘子很好喝|鸳鸯拿铁_2
246,2021-07-27,2021-08-08,13,dept_246_closure_2021-07-27,149,2021-07-14,2021-07-26,2021-07-27,2021-08-08,41,54,21,22|78|102|103|125|130|132|137|141|157|164|170|177|180|189|192|212|216|217|244|256,冰萃咖啡_1|抹茶好喝椰|杨枝甘露_1|杨枝甘露_2|满杯杨梅|满杯葡萄_0|满杯车厘子|澳瑞白_4|燕麦拿铁_1|瑞纳冰_0|瑞纳冰_15|瑞纳冰_20|瑞纳冰_5|瑞纳冰_8|生椰拿铁_2|生椰拿铁_5|美式_4|胶原酸奶冻_1|胶原酸奶冻_2|葡萄很好喝_0|香草拿铁_0
246,2021-07-27,2021-08-08,13,dept_246_closure_2021-07-27,177,2021-07-14,2021-07-26,2021-07-27,2021-08-08,79,71,9,22|33|75|90|92|132|164|177|205,冰萃咖啡_1|厚乳奶茶_0|抹茶厚乳_0|拿铁_18|拿铁_20|满杯车厘子|瑞纳冰_15|瑞纳冰_5|纯牛奶_1
246,2021-07-27,2021-08-08,13,dept_246_closure_2021-07-27,245,2021-07-14,2021-07-26,2021-07-27,2021-08-08,0,0,0,,
246,2021-07-27,2021-08-08,13,dept_246_closure_2021-07-27,250,2021-07-14,2021-07-26,2021-07-27,2021-08-08,0,0,0,,
246,2021-07-27,2021-08-08,13,dept_246_closure_2021-07-27,260,2021-07-14,2021-07-26,2021-07-27,2021-08-08,0,0,0,,
133,2021-07-28,2021-08-22,26,dept_133_closure_2021-07-28,129,2021-07-02,2021-07-27,2021-07-28,2021-08-22,92,90,15,22|79|90|125|130|132|140|164|181|193|217|236|244|255|260,冰萃咖啡_1|抹茶慕斯拿铁|拿铁_18|满杯杨梅|满杯葡萄_0|满杯车厘子|燕麦拿铁_0|瑞纳冰_15|瑞纳冰_9|生椰拿铁_6|胶原酸奶冻_2|茉莉抹抹茶|葡萄很好喝_0|阿华田厚乳_1|鸳鸯拿铁_2
133,2021-07-28,2021-08-22,26,dept_133_closure_2021-07-28,132,2021-07-02,2021-07-27,2021-07-28,2021-08-22,89,93,11,22|90|130|164|181|193|217|236|244|255|260,冰萃咖啡_1|拿铁_18|满杯葡萄_0|瑞纳冰_15|瑞纳冰_9|生椰拿铁_6|胶原酸奶冻_2|茉莉抹抹茶|葡萄很好喝_0|阿华田厚乳_1|鸳鸯拿铁_2
133,2021-07-28,2021-08-22,26,dept_133_closure_2021-07-28,135,2021-07-02,2021-07-27,2021-07-28,2021-08-22,87,68,11,22|72|90|92|93|130|140|143|164|193|217,冰萃咖啡_1|巧克力_0|拿铁_18|拿铁_20|拿铁_21|满杯葡萄_0|燕麦拿铁_0|燕麦拿铁_3|瑞纳冰_15|生椰拿铁_6|胶原酸奶冻_2
133,2021-07-28,2021-08-22,26,dept_133_closure_2021-07-28,137,2021-07-02,2021-07-27,2021-07-28,2021-08-22,94,96,11,22|79|90|130|164|181|193|217|236|244|260,冰萃咖啡_1|抹茶慕斯拿铁|拿铁_18|满杯葡萄_0|瑞纳冰_15|瑞纳冰_9|生椰拿铁_6|胶原酸奶冻_2|茉莉抹抹茶|葡萄很好喝_0|鸳鸯拿铁_2
133,2021-07-28,2021-08-22,26,dept_133_closure_2021-07-28,143,2021-07-02,2021-07-27,2021-07-28,2021-08-22,73,69,13,22|90|106|130|132|155|164|193|195|216|217|231|244,冰萃咖啡_1|拿铁_18|杨枝甘露_5|满杯葡萄_0|满杯车厘子|牛油果椰子冻|瑞纳冰_15|生椰拿铁_6|生椰胶原冻_0|胶原酸奶冻_1|胶原酸奶冻_2|芒果好喝椰|葡萄很好喝_0
47,2021-07-30,2021-08-10,12,dept_47_closure_2021-07-30,42,2021-07-18,2021-07-29,2021-07-30,2021-08-10,84,78,11,22|72|75|90|130|140|164|179|217|244|260,冰萃咖啡_1|巧克力_0|抹茶厚乳_0|拿铁_18|满杯葡萄_0|燕麦拿铁_0|瑞纳冰_15|瑞纳冰_7|胶原酸奶冻_2|葡萄很好喝_0|鸳鸯拿铁_2
47,2021-07-30,2021-08-10,12,dept_47_closure_2021-07-30,48,2021-07-18,2021-07-29,2021-07-30,2021-08-10,82,79,8,22|69|90|130|132|164|244|260,冰萃咖啡_1|工夫厚乳|拿铁_18|满杯葡萄_0|满杯车厘子|瑞纳冰_15|葡萄很好喝_0|鸳鸯拿铁_2
47,2021-07-30,2021-08-10,12,dept_47_closure_2021-07-30,49,2021-07-18,2021-07-29,2021-07-30,2021-08-10,79,81,12,22|90|130|140|148|158|162|164|217|244|260|265,冰萃咖啡_1|拿铁_18|满杯葡萄_0|燕麦拿铁_0|燕麦拿铁_8|瑞纳冰_1|瑞纳冰_13|瑞纳冰_15|胶原酸奶冻_2|葡萄很好喝_0|鸳鸯拿铁_2|黑糖拿铁
47,2021-07-30,2021-08-10,12,dept_47_closure_2021-07-30,67,2021-07-18,2021-07-29,2021-07-30,2021-08-10,82,85,9,22|90|93|130|132|140|164|217|260,冰萃咖啡_1|拿铁_18|拿铁_21|满杯葡萄_0|满杯车厘子|燕麦拿铁_0|瑞纳冰_15|胶原酸奶冻_2|鸳鸯拿铁_2
47,2021-07-30,2021-08-10,12,dept_47_closure_2021-07-30,231,2021-07-18,2021-07-29,2021-07-30,2021-08-10,80,82,10,22|27|75|90|130|164|205|217|244|260,冰萃咖啡_1|加浓美式_0|抹茶厚乳_0|拿铁_18|满杯葡萄_0|瑞纳冰_15|纯牛奶_1|胶原酸奶冻_2|葡萄很好喝_0|鸳鸯拿铁_2
59,2021-08-03,2021-08-19,17,dept_59_closure_2021-08-03,77,2021-07-17,2021-08-02,2021-08-03,2021-08-19,83,91,8,72|90|92|130|179|193|236|244,巧克力_0|拿铁_18|拿铁_20|满杯葡萄_0|瑞纳冰_7|生椰拿铁_6|茉莉抹抹茶|葡萄很好喝_0
59,2021-08-03,2021-08-19,17,dept_59_closure_2021-08-03,80,2021-07-17,2021-08-02,2021-08-03,2021-08-19,91,92,9,130|133|140|158|181|193|217|236|255,满杯葡萄_0|澳洲燕麦奶|燕麦拿铁_0|瑞纳冰_1|瑞纳冰_9|生椰拿铁_6|胶原酸奶冻_2|茉莉抹抹茶|阿华田厚乳_1
59,2021-08-03,2021-08-19,17,dept_59_closure_2021-08-03,81,2021-07-17,2021-08-02,2021-08-03,2021-08-19,87,92,9,22|79|130|164|193|217|236|244|260,冰萃咖啡_1|抹茶慕斯拿铁|满杯葡萄_0|瑞纳冰_15|生椰拿铁_6|胶原酸奶冻_2|茉莉抹抹茶|葡萄很好喝_0|鸳鸯拿铁_2
59,2021-08-03,2021-08-19,17,dept_59_closure_2021-08-03,83,2021-07-17,2021-08-02,2021-08-03,2021-08-19,80,84,15,69|130|142|154|164|179|181|193|208|212|236|238|244|251|260,工夫厚乳|满杯葡萄_0|燕麦拿铁_2|牛油果很芒|瑞纳冰_15|瑞纳冰_7|瑞纳冰_9|生椰拿铁_6|美式_0|美式_4|茉莉抹抹茶|茉莉轻乳茶|葡萄很好喝_0|车厘子很好喝|鸳鸯拿铁_2
59,2021-08-03,2021-08-19,17,dept_59_closure_2021-08-03,85,2021-07-17,2021-08-02,2021-08-03,2021-08-19,90,90,5,32|93|181|193|260,卡布奇诺_0|拿铁_21|瑞纳冰_9|生椰拿铁_6|鸳鸯拿铁_2
121,2021-08-03,2021-08-20,18,dept_121_closure_2021-08-03,116,2021-07-16,2021-08-02,2021-08-03,2021-08-20,85,87,13,32|70|72|75|130|140|142|164|179|181|193|202|236,卡布奇诺_0|工夫轻乳茶_0|巧克力_0|抹茶厚乳_0|满杯葡萄_0|燕麦拿铁_0|燕麦拿铁_2|瑞纳冰_15|瑞纳冰_7|瑞纳冰_9|生椰拿铁_6|红茶拿铁_2|茉莉抹抹茶
121,2021-08-03,2021-08-20,18,dept_121_closure_2021-08-03,119,2021-07-16,2021-08-02,2021-08-03,2021-08-20,0,0,0,,
121,2021-08-03,2021-08-20,18,dept_121_closure_2021-08-03,120,2021-07-16,2021-08-02,2021-08-03,2021-08-20,77,85,14,70|79|90|106|130|140|164|181|189|193|205|208|217|244,工夫轻乳茶_0|抹茶慕斯拿铁|拿铁_18|杨枝甘露_5|满杯葡萄_0|燕麦拿铁_0|瑞纳冰_15|瑞纳冰_9|生椰拿铁_2|生椰拿铁_6|纯牛奶_1|美式_0|胶原酸奶冻_2|葡萄很好喝_0
121,2021-08-03,2021-08-20,18,dept_121_closure_2021-08-03,123,2021-07-16,2021-08-02,2021-08-03,2021-08-20,84,93,13,32|59|62|90|133|164|181|193|208|217|221|236|260,卡布奇诺_0|宿舍椰果奶茶_0|小鹿招牌奶茶_0|拿铁_18|澳洲燕麦奶|瑞纳冰_15|瑞纳冰_9|生椰拿铁_6|美式_0|胶原酸奶冻_2|自习啵啵奶茶_0|茉莉抹抹茶|鸳鸯拿铁_2
121,2021-08-03,2021-08-20,18,dept_121_closure_2021-08-03,125,2021-07-16,2021-08-02,2021-08-03,2021-08-20,80,84,11,22|69|75|92|96|103|130|193|217|244|260,冰萃咖啡_1|工夫厚乳|抹茶厚乳_0|拿铁_20|拿铁_5|杨枝甘露_2|满杯葡萄_0|生椰拿铁_6|胶原酸奶冻_2|葡萄很好喝_0|鸳鸯拿铁_2
182,2021-08-03,2021-08-20,18,dept_182_closure_2021-08-03,166,2021-07-16,2021-08-02,2021-08-03,2021-08-20,0,0,0,,
182,2021-08-03,2021-08-20,18,dept_182_closure_2021-08-03,168,2021-07-16,2021-08-02,2021-08-03,2021-08-20,58,57,20,44|69|70|72|90|96|99|143|160|165|179|181|193|202|208|209|238|244|256|259,厚乳拿铁_18|工夫厚乳|工夫轻乳茶_0|巧克力_0|拿铁_18|拿铁_5|摩卡|燕麦拿铁_3|瑞纳冰_11|瑞纳冰_16|瑞纳冰_7|瑞纳冰_9|生椰拿铁_6|红茶拿铁_2|美式_0|美式_1|茉莉轻乳茶|葡萄很好喝_0|香草拿铁_0|鸳鸯拿铁_1
182,2021-08-03,2021-08-20,18,dept_182_closure_2021-08-03,169,2021-07-16,2021-08-02,2021-08-03,2021-08-20,82,83,11,22|27|75|90|93|96|130|181|193|205|253,冰萃咖啡_1|加浓美式_0|抹茶厚乳_0|拿铁_18|拿铁_21|拿铁_5|满杯葡萄_0|瑞纳冰_9|生椰拿铁_6|纯牛奶_1|酸奶冻
182,2021-08-03,2021-08-20,18,dept_182_closure_2021-08-03,174,2021-07-16,2021-08-02,2021-08-03,2021-08-20,89,95,11,33|72|75|79|130|140|181|193|236|259|260,厚乳奶茶_0|巧克力_0|抹茶厚乳_0|抹茶慕斯拿铁|满杯葡萄_0|燕麦拿铁_0|瑞纳冰_9|生椰拿铁_6|茉莉抹抹茶|鸳鸯拿铁_1|鸳鸯拿铁_2
182,2021-08-03,2021-08-20,18,dept_182_closure_2021-08-03,247,2021-07-16,2021-08-02,2021-08-03,2021-08-20,0,0,0,,
220,2021-08-03,2021-08-12,10,dept_220_closure_2021-08-03,82,2021-07-24,2021-08-02,2021-08-03,2021-08-12,82,85,9,32|130|164|179|205|217|253|259|260,卡布奇诺_0|满杯葡萄_0|瑞纳冰_15|瑞纳冰_7|纯牛奶_1|胶原酸奶冻_2|酸奶冻|鸳鸯拿铁_1|鸳鸯拿铁_2
220,2021-08-03,2021-08-12,10,dept_220_closure_2021-08-03,84,2021-07-24,2021-08-02,2021-08-03,2021-08-12,0,0,0,,
220,2021-08-03,2021-08-12,10,dept_220_closure_2021-08-03,86,2021-07-24,2021-08-02,2021-08-03,2021-08-12,76,77,10,90|130|154|157|158|179|217|242|244|260,拿铁_18|满杯葡萄_0|牛油果很芒|瑞纳冰_0|瑞纳冰_1|瑞纳冰_7|胶原酸奶冻_2|荔枝_0|葡萄很好喝_0|鸳鸯拿铁_2
220,2021-08-03,2021-08-12,10,dept_220_closure_2021-08-03,92,2021-07-24,2021-08-02,2021-08-03,2021-08-12,46,63,25,33|44|90|102|105|107|125|130|132|138|139|143|155|157|160|180|189|205|208|212|215|217|242|244|260,厚乳奶茶_0|厚乳拿铁_18|拿铁_18|杨枝甘露_1|杨枝甘露_4|杨梅很好喝|满杯杨梅|满杯葡萄_0|满杯车厘子|澳瑞白_5|焦糖玛奇朵_5|燕麦拿铁_3|牛油果椰子冻|瑞纳冰_0|瑞纳冰_11|瑞纳冰_8|生椰拿铁_2|纯牛奶_1|美式_0|美式_4|胶原酸奶冻_0|胶原酸奶冻_2|荔枝_0|葡萄很好喝_0|鸳鸯拿铁_2
220,2021-08-03,2021-08-12,10,dept_220_closure_2021-08-03,96,2021-07-24,2021-08-02,2021-08-03,2021-08-12,0,0,0,,
46,2021-08-04,2021-08-19,16,dept_46_closure_2021-08-04,63,2021-07-19,2021-08-03,2021-08-04,2021-08-19,82,77,11,70|78|90|143|164|179|181|193|217|243|251,工夫轻乳茶_0|抹茶好喝椰|拿铁_18|燕麦拿铁_3|瑞纳冰_15|瑞纳冰_7|瑞纳冰_9|生椰拿铁_6|胶原酸奶冻_2|荔枝_1|车厘子很好喝
46,2021-08-04,2021-08-19,16,dept_46_closure_2021-08-04,98,2021-07-19,2021-08-03,2021-08-04,2021-08-19,89,93,9,69|79|133|142|179|181|193|217|236,工夫厚乳|抹茶慕斯拿铁|澳洲燕麦奶|燕麦拿铁_2|瑞纳冰_7|瑞纳冰_9|生椰拿铁_6|胶原酸奶冻_2|茉莉抹抹茶
46,2021-08-04,2021-08-19,16,dept_46_closure_2021-08-04,99,2021-07-19,2021-08-03,2021-08-04,2021-08-19,83,90,11,72|75|90|130|132|133|181|193|216|217|236,巧克力_0|抹茶厚乳_0|拿铁_18|满杯葡萄_0|满杯车厘子|澳洲燕麦奶|瑞纳冰_9|生椰拿铁_6|胶原酸奶冻_1|胶原酸奶冻_2|茉莉抹抹茶
46,2021-08-04,2021-08-19,16,dept_46_closure_2021-08-04,102,2021-07-19,2021-08-03,2021-08-04,2021-08-19,85,81,4,90|181|193|244,拿铁_18|瑞纳冰_9|生椰拿铁_6|葡萄很好喝_0
46,2021-08-04,2021-08-19,16,dept_46_closure_2021-08-04,103,2021-07-19,2021-08-03,2021-08-04,2021-08-19,84,88,10,70|130|132|181|193|208|217|236|244|255,工夫轻乳茶_0|满杯葡萄_0|满杯车厘子|瑞纳冰_9|生椰拿铁_6|美式_0|胶原酸奶冻_2|茉莉抹抹茶|葡萄很好喝_0|阿华田厚乳_1
62,2021-08-04,2021-08-17,14,dept_62_closure_2021-08-04,104,2021-07-21,2021-08-03,2021-08-04,2021-08-17,83,84,12,27|72|103|130|158|181|193|205|209|217|236|244,加浓美式_0|巧克力_0|杨枝甘露_2|满杯葡萄_0|瑞纳冰_1|瑞纳冰_9|生椰拿铁_6|纯牛奶_1|美式_1|胶原酸奶冻_2|茉莉抹抹茶|葡萄很好喝_0
62,2021-08-04,2021-08-17,14,dept_62_closure_2021-08-04,106,2021-07-21,2021-08-03,2021-08-04,2021-08-17,87,83,5,93|130|181|193|244,拿铁_21|满杯葡萄_0|瑞纳冰_9|生椰拿铁_6|葡萄很好喝_0
62,2021-08-04,2021-08-17,14,dept_62_closure_2021-08-04,107,2021-07-21,2021-08-03,2021-08-04,2021-08-17,93,96,6,10|130|148|181|193|217,下课布丁奶茶_0|满杯葡萄_0|燕麦拿铁_8|瑞纳冰_9|生椰拿铁_6|胶原酸奶冻_2
62,2021-08-04,2021-08-17,14,dept_62_closure_2021-08-04,108,2021-07-21,2021-08-03,2021-08-04,2021-08-17,84,76,7,90|102|138|155|181|193|244,拿铁_18|杨枝甘露_1|澳瑞白_5|牛油果椰子冻|瑞纳冰_9|生椰拿铁_6|葡萄很好喝_0
62,2021-08-04,2021-08-17,14,dept_62_closure_2021-08-04,110,2021-07-21,2021-08-03,2021-08-04,2021-08-17,58,0,0,,
3,2021-08-09,2021-08-22,14,dept_3_closure_2021-08-09,167,2021-07-26,2021-08-08,2021-08-09,2021-08-22,88,91,9,72|93|142|179|181|193|212|236|253,巧克力_0|拿铁_21|燕麦拿铁_2|瑞纳冰_7|瑞纳冰_9|生椰拿铁_6|美式_4|茉莉抹抹茶|酸奶冻
3,2021-08-09,2021-08-22,14,dept_3_closure_2021-08-09,244,2021-07-26,2021-08-08,2021-08-09,2021-08-22,0,0,0,,
3,2021-08-09,2021-08-22,14,dept_3_closure_2021-08-09,248,2021-07-26,2021-08-08,2021-08-09,2021-08-22,0,0,0,,
3,2021-08-09,2021-08-22,14,dept_3_closure_2021-08-09,249,2021-07-26,2021-08-08,2021-08-09,2021-08-22,0,0,0,,
3,2021-08-09,2021-08-22,14,dept_3_closure_2021-08-09,258,2021-07-26,2021-08-08,2021-08-09,2021-08-22,0,0,0,,
5,2021-08-18,2021-08-31,14,dept_5_closure_2021-08-18,1,2021-08-04,2021-08-17,2021-08-18,2021-08-31,93,93,8,47|72|79|92|138|145|154|205,厚乳拿铁_4|巧克力_0|抹茶慕斯拿铁|拿铁_20|澳瑞白_5|燕麦拿铁_5|牛油果很芒|纯牛奶_1
5,2021-08-18,2021-08-31,14,dept_5_closure_2021-08-18,153,2021-08-04,2021-08-17,2021-08-18,2021-08-31,84,90,13,33|47|79|93|130|133|137|140|145|148|155|236|242,厚乳奶茶_0|厚乳拿铁_4|抹茶慕斯拿铁|拿铁_21|满杯葡萄_0|澳洲燕麦奶|澳瑞白_4|燕麦拿铁_0|燕麦拿铁_5|燕麦拿铁_8|牛油果椰子冻|茉莉抹抹茶|荔枝_0
5,2021-08-18,2021-08-31,14,dept_5_closure_2021-08-18,173,2021-08-04,2021-08-17,2021-08-18,2021-08-31,90,88,6,47|70|72|79|93|145,厚乳拿铁_4|工夫轻乳茶_0|巧克力_0|抹茶慕斯拿铁|拿铁_21|燕麦拿铁_5
5,2021-08-18,2021-08-31,14,dept_5_closure_2021-08-18,241,2021-08-04,2021-08-17,2021-08-18,2021-08-31,0,0,0,,
5,2021-08-18,2021-08-31,14,dept_5_closure_2021-08-18,259,2021-08-04,2021-08-17,2021-08-18,2021-08-31,55,53,10,33|47|66|92|133|179|181|231|236|265,厚乳奶茶_0|厚乳拿铁_4|小鹿料多多_2|拿铁_20|澳洲燕麦奶|瑞纳冰_7|瑞纳冰_9|芒果好喝椰|茉莉抹抹茶|黑糖拿铁
131,2021-08-29,2021-09-08,11,dept_131_closure_2021-08-29,112,2021-08-18,2021-08-28,2021-08-29,2021-09-08,0,0,0,,
131,2021-08-29,2021-09-08,11,dept_131_closure_2021-08-29,126,2021-08-18,2021-08-28,2021-08-29,2021-09-08,92,90,7,47|72|110|145|178|252|261,厚乳拿铁_4|巧克力_0|桂花乌龙茶|燕麦拿铁_5|瑞纳冰_6|酒酿胶原冻|鸳鸯拿铁_3
131,2021-08-29,2021-09-08,11,dept_131_closure_2021-08-29,127,2021-08-18,2021-08-28,2021-08-29,2021-09-08,85,90,11,33|47|69|110|133|142|145|178|205|252|261,厚乳奶茶_0|厚乳拿铁_4|工夫厚乳|桂花乌龙茶|澳洲燕麦奶|燕麦拿铁_2|燕麦拿铁_5|瑞纳冰_6|纯牛奶_1|酒酿胶原冻|鸳鸯拿铁_3
131,2021-08-29,2021-09-08,11,dept_131_closure_2021-08-29,128,2021-08-18,2021-08-28,2021-08-29,2021-09-08,87,88,7,47|78|110|145|178|252|261,厚乳拿铁_4|抹茶好喝椰|桂花乌龙茶|燕麦拿铁_5|瑞纳冰_6|酒酿胶原冻|鸳鸯拿铁_3
131,2021-08-29,2021-09-08,11,dept_131_closure_2021-08-29,130,2021-08-18,2021-08-28,2021-08-29,2021-09-08,85,82,8,47|93|103|110|145|178|252|261,厚乳拿铁_4|拿铁_21|杨枝甘露_2|桂花乌龙茶|燕麦拿铁_5|瑞纳冰_6|酒酿胶原冻|鸳鸯拿铁_3
