member_id,dept_id,closure_start,closure_end,closure_duration_days,group,treated,displacement_prob,disp_binary,closure_event_id,period_start,calendar_month,rel_t,post,n_purchases,event_fe_id,displacement_prob_centered,closure_length_std
302,220,2021-08-03,2021-08-12,10,control,0,0.13615026,0,dept_220_closure_2021-08-03,2021-07-24,2021-07,-1,0,0.1,302|220|2021-08-03,-0.42089254800712184,0.0
1627,220,2021-08-03,2021-08-12,10,control,0,0.11956792,0,dept_220_closure_2021-08-03,2021-07-24,2021-07,-1,0,0.1,1627|220|2021-08-03,-0.4374748880071218,0.0
2006,220,2021-08-03,2021-08-12,10,control,0,0.48476416,0,dept_220_closure_2021-08-03,2021-07-24,2021-07,-1,0,0.1,2006|220|2021-08-03,-0.0722786480071218,0.0
2476,220,2021-08-03,2021-08-12,10,treatment,1,0.999537,1,dept_220_closure_2021-08-03,2021-07-24,2021-07,-1,0,0.7,2476|220|2021-08-03,0.4424941919928782,0.0
4975,220,2021-08-03,2021-08-12,10,treatment,1,0.3980019,0,dept_220_closure_2021-08-03,2021-07-24,2021-07,-1,0,0.1,4975|220|2021-08-03,-0.15904090800712178,0.0
7977,220,2021-08-03,2021-08-12,10,treatment,1,0.13604653,0,dept_220_closure_2021-08-03,2021-07-24,2021-07,-1,0,0.1,7977|220|2021-08-03,-0.4209962780071218,0.0
8295,220,2021-08-03,2021-08-12,10,control,0,0.11962309,0,dept_220_closure_2021-08-03,2021-07-24,2021-07,-1,0,0.1,8295|220|2021-08-03,-0.4374197180071218,0.0
9566,220,2021-08-03,2021-08-12,10,control,0,0.56819886,1,dept_220_closure_2021-08-03,2021-07-24,2021-07,-1,0,0.1,9566|220|2021-08-03,0.011156051992878169,0.0
13288,220,2021-08-03,2021-08-12,10,control,0,0.1258119,0,dept_220_closure_2021-08-03,2021-07-24,2021-07,-1,0,0.1,13288|220|2021-08-03,-0.4312309080071218,0.0
16369,220,2021-08-03,2021-08-12,10,control,0,0.8333925,1,dept_220_closure_2021-08-03,2021-07-24,2021-07,-1,0,0.1,16369|220|2021-08-03,0.2763496919928782,0.0
16590,220,2021-08-03,2021-08-12,10,control,0,0.111005284,0,dept_220_closure_2021-08-03,2021-07-24,2021-07,-1,0,0.1,16590|220|2021-08-03,-0.4460375240071218,0.0
17290,220,2021-08-03,2021-08-12,10,control,0,0.38025576,0,dept_220_closure_2021-08-03,2021-07-24,2021-07,-1,0,0.1,17290|220|2021-08-03,-0.1767870480071218,0.0
18108,220,2021-08-03,2021-08-12,10,control,0,0.07333696,0,dept_220_closure_2021-08-03,2021-07-24,2021-07,-1,0,0.1,18108|220|2021-08-03,-0.4837058480071218,0.0
21302,220,2021-08-03,2021-08-12,10,control,0,0.7898281,1,dept_220_closure_2021-08-03,2021-07-24,2021-07,-1,0,0.1,21302|220|2021-08-03,0.23278529199287823,0.0
28217,220,2021-08-03,2021-08-12,10,control,0,0.028149802,0,dept_220_closure_2021-08-03,2021-07-24,2021-07,-1,0,0.1,28217|220|2021-08-03,-0.5288930060071217,0.0
29822,220,2021-08-03,2021-08-12,10,control,0,0.97071034,1,dept_220_closure_2021-08-03,2021-07-24,2021-07,-1,0,0.2,29822|220|2021-08-03,0.4136675319928782,0.0
30569,220,2021-08-03,2021-08-12,10,control,0,0.948497,1,dept_220_closure_2021-08-03,2021-07-24,2021-07,-1,0,0.3,30569|220|2021-08-03,0.39145419199287823,0.0
32177,220,2021-08-03,2021-08-12,10,control,0,0.06984517,0,dept_220_closure_2021-08-03,2021-07-24,2021-07,-1,0,0.1,32177|220|2021-08-03,-0.4871976380071218,0.0
36476,220,2021-08-03,2021-08-12,10,control,0,0.49539506,0,dept_220_closure_2021-08-03,2021-07-24,2021-07,-1,0,0.2,36476|220|2021-08-03,-0.061647748007121805,0.0
42133,220,2021-08-03,2021-08-12,10,control,0,0.968327,1,dept_220_closure_2021-08-03,2021-07-24,2021-07,-1,0,0.2,42133|220|2021-08-03,0.41128419199287825,0.0
46182,220,2021-08-03,2021-08-12,10,treatment,1,0.25135761,0,dept_220_closure_2021-08-03,2021-07-24,2021-07,-1,0,0.2,46182|220|2021-08-03,-0.3056851980071218,0.0
48450,220,2021-08-03,2021-08-12,10,treatment,1,0.0056737727,0,dept_220_closure_2021-08-03,2021-07-24,2021-07,-1,0,0.1,48450|220|2021-08-03,-0.5513690353071218,0.0
55478,220,2021-08-03,2021-08-12,10,treatment,1,0.06365064,0,dept_220_closure_2021-08-03,2021-07-24,2021-07,-1,0,0.1,55478|220|2021-08-03,-0.4933921680071218,0.0
56188,220,2021-08-03,2021-08-12,10,control,0,0.4263225,0,dept_220_closure_2021-08-03,2021-07-24,2021-07,-1,0,0.2,56188|220|2021-08-03,-0.1307203080071218,0.0
61126,220,2021-08-03,2021-08-12,10,control,0,0.69109726,1,dept_220_closure_2021-08-03,2021-07-24,2021-07,-1,0,0.1,61126|220|2021-08-03,0.13405445199287824,0.0
62600,220,2021-08-03,2021-08-12,10,treatment,1,0.5212486,1,dept_220_closure_2021-08-03,2021-07-24,2021-07,-1,0,0.1,62600|220|2021-08-03,-0.03579420800712185,0.0
66384,220,2021-08-03,2021-08-12,10,control,0,0.99945503,1,dept_220_closure_2021-08-03,2021-07-24,2021-07,-1,0,0.7,66384|220|2021-08-03,0.4424122219928782,0.0
67270,220,2021-08-03,2021-08-12,10,control,0,0.9279296,1,dept_220_closure_2021-08-03,2021-07-24,2021-07,-1,0,0.3,67270|220|2021-08-03,0.3708867919928782,0.0
69097,220,2021-08-03,2021-08-12,10,control,0,0.115446135,0,dept_220_closure_2021-08-03,2021-07-24,2021-07,-1,0,0.1,69097|220|2021-08-03,-0.4415966730071218,0.0
72021,220,2021-08-03,2021-08-12,10,control,0,0.8740291,1,dept_220_closure_2021-08-03,2021-07-24,2021-07,-1,0,0.1,72021|220|2021-08-03,0.3169862919928782,0.0
72913,220,2021-08-03,2021-08-12,10,control,0,0.7929579,1,dept_220_closure_2021-08-03,2021-07-24,2021-07,-1,0,0.3,72913|220|2021-08-03,0.2359150919928782,0.0
73084,220,2021-08-03,2021-08-12,10,control,0,0.3650584,0,dept_220_closure_2021-08-03,2021-07-24,2021-07,-1,0,0.1,73084|220|2021-08-03,-0.1919844080071218,0.0
77760,220,2021-08-03,2021-08-12,10,control,0,0.09386942,0,dept_220_closure_2021-08-03,2021-07-24,2021-07,-1,0,0.1,77760|220|2021-08-03,-0.4631733880071218,0.0
80287,220,2021-08-03,2021-08-12,10,treatment,1,0.45511052,0,dept_220_closure_2021-08-03,2021-07-24,2021-07,-1,0,0.1,80287|220|2021-08-03,-0.10193228800712179,0.0
87039,220,2021-08-03,2021-08-12,10,control,0,0.07454178,0,dept_220_closure_2021-08-03,2021-07-24,2021-07,-1,0,0.1,87039|220|2021-08-03,-0.4825010280071218,0.0
95562,220,2021-08-03,2021-08-12,10,control,0,0.98653793,1,dept_220_closure_2021-08-03,2021-07-24,2021-07,-1,0,0.2,95562|220|2021-08-03,0.4294951219928782,0.0
104861,220,2021-08-03,2021-08-12,10,treatment,1,0.02754575,0,dept_220_closure_2021-08-03,2021-07-24,2021-07,-1,0,0.1,104861|220|2021-08-03,-0.5294970580071218,0.0
106116,220,2021-08-03,2021-08-12,10,control,0,0.9458735,1,dept_220_closure_2021-08-03,2021-07-24,2021-07,-1,0,0.4,106116|220|2021-08-03,0.38883069199287823,0.0
106856,220,2021-08-03,2021-08-12,10,treatment,1,0.9481562,1,dept_220_closure_2021-08-03,2021-07-24,2021-07,-1,0,0.3,106856|220|2021-08-03,0.3911133919928782,0.0
107092,220,2021-08-03,2021-08-12,10,control,0,0.008901618,0,dept_220_closure_2021-08-03,2021-07-24,2021-07,-1,0,0.1,107092|220|2021-08-03,-0.5481411900071218,0.0
121553,220,2021-08-03,2021-08-12,10,control,0,0.94096047,1,dept_220_closure_2021-08-03,2021-07-24,2021-07,-1,0,0.2,121553|220|2021-08-03,0.38391766199287825,0.0
123832,220,2021-08-03,2021-08-12,10,treatment,1,0.64468294,1,dept_220_closure_2021-08-03,2021-07-24,2021-07,-1,0,0.2,123832|220|2021-08-03,0.08764013199287823,0.0
142039,220,2021-08-03,2021-08-12,10,control,0,0.14800519,0,dept_220_closure_2021-08-03,2021-07-24,2021-07,-1,0,0.3,142039|220|2021-08-03,-0.4090376180071218,0.0
145996,220,2021-08-03,2021-08-12,10,treatment,1,0.009367884,0,dept_220_closure_2021-08-03,2021-07-24,2021-07,-1,0,0.1,145996|220|2021-08-03,-0.5476749240071218,0.0
147790,220,2021-08-03,2021-08-12,10,treatment,1,0.8975899,1,dept_220_closure_2021-08-03,2021-07-24,2021-07,-1,0,0.2,147790|220|2021-08-03,0.34054709199287825,0.0
155328,220,2021-08-03,2021-08-12,10,control,0,0.9016624,1,dept_220_closure_2021-08-03,2021-07-24,2021-07,-1,0,0.1,155328|220|2021-08-03,0.34461959199287817,0.0
162521,220,2021-08-03,2021-08-12,10,control,0,0.8197214,1,dept_220_closure_2021-08-03,2021-07-24,2021-07,-1,0,0.2,162521|220|2021-08-03,0.26267859199287824,0.0
162757,220,2021-08-03,2021-08-12,10,control,0,0.9729593,1,dept_220_closure_2021-08-03,2021-07-24,2021-07,-1,0,0.3,162757|220|2021-08-03,0.41591649199287817,0.0
166542,220,2021-08-03,2021-08-12,10,control,0,0.95426327,1,dept_220_closure_2021-08-03,2021-07-24,2021-07,-1,0,0.5,166542|220|2021-08-03,0.3972204619928782,0.0
166737,220,2021-08-03,2021-08-12,10,control,0,0.16222496,0,dept_220_closure_2021-08-03,2021-07-24,2021-07,-1,0,0.1,166737|220|2021-08-03,-0.39481784800712183,0.0
174336,220,2021-08-03,2021-08-12,10,treatment,1,0.2932458,0,dept_220_closure_2021-08-03,2021-07-24,2021-07,-1,0,0.3,174336|220|2021-08-03,-0.2637970080071218,0.0
176234,220,2021-08-03,2021-08-12,10,control,0,0.9263101,1,dept_220_closure_2021-08-03,2021-07-24,2021-07,-1,0,0.6,176234|220|2021-08-03,0.3692672919928782,0.0
179594,220,2021-08-03,2021-08-12,10,treatment,1,0.05413238,0,dept_220_closure_2021-08-03,2021-07-24,2021-07,-1,0,0.1,179594|220|2021-08-03,-0.5029104280071218,0.0
184800,220,2021-08-03,2021-08-12,10,control,0,0.9974446,1,dept_220_closure_2021-08-03,2021-07-24,2021-07,-1,0,0.3,184800|220|2021-08-03,0.4404017919928782,0.0
189814,220,2021-08-03,2021-08-12,10,control,0,0.059843604,0,dept_220_closure_2021-08-03,2021-07-24,2021-07,-1,0,0.1,189814|220|2021-08-03,-0.4971992040071218,0.0
190996,220,2021-08-03,2021-08-12,10,control,0,0.8810001,1,dept_220_closure_2021-08-03,2021-07-24,2021-07,-1,0,0.1,190996|220|2021-08-03,0.32395729199287815,0.0
194191,220,2021-08-03,2021-08-12,10,control,0,0.30868843,0,dept_220_closure_2021-08-03,2021-07-24,2021-07,-1,0,0.1,194191|220|2021-08-03,-0.2483543780071218,0.0
202244,220,2021-08-03,2021-08-12,10,control,0,0.83428377,1,dept_220_closure_2021-08-03,2021-07-24,2021-07,-1,0,0.2,202244|220|2021-08-03,0.2772409619928782,0.0
202560,220,2021-08-03,2021-08-12,10,treatment,1,0.9616668,1,dept_220_closure_2021-08-03,2021-07-24,2021-07,-1,0,0.6,202560|220|2021-08-03,0.40462399199287824,0.0
207962,220,2021-08-03,2021-08-12,10,treatment,1,0.8614124,1,dept_220_closure_2021-08-03,2021-07-24,2021-07,-1,0,0.2,207962|220|2021-08-03,0.30436959199287816,0.0
210604,220,2021-08-03,2021-08-12,10,control,0,0.8920983,1,dept_220_closure_2021-08-03,2021-07-24,2021-07,-1,0,0.1,210604|220|2021-08-03,0.3350554919928782,0.0
214920,220,2021-08-03,2021-08-12,10,control,0,0.4433202,0,dept_220_closure_2021-08-03,2021-07-24,2021-07,-1,0,0.1,214920|220|2021-08-03,-0.1137226080071218,0.0
219215,220,2021-08-03,2021-08-12,10,control,0,0.8967968,1,dept_220_closure_2021-08-03,2021-07-24,2021-07,-1,0,0.5,219215|220|2021-08-03,0.33975399199287815,0.0
221195,220,2021-08-03,2021-08-12,10,control,0,0.97777337,1,dept_220_closure_2021-08-03,2021-07-24,2021-07,-1,0,0.1,221195|220|2021-08-03,0.42073056199287817,0.0
223082,220,2021-08-03,2021-08-12,10,treatment,1,0.46506345,0,dept_220_closure_2021-08-03,2021-07-24,2021-07,-1,0,0.1,223082|220|2021-08-03,-0.09197935800712181,0.0
224191,220,2021-08-03,2021-08-12,10,control,0,0.6114327,1,dept_220_closure_2021-08-03,2021-07-24,2021-07,-1,0,0.1,224191|220|2021-08-03,0.05438989199287825,0.0
232180,220,2021-08-03,2021-08-12,10,control,0,0.27316287,0,dept_220_closure_2021-08-03,2021-07-24,2021-07,-1,0,0.1,232180|220|2021-08-03,-0.2838799380071218,0.0
232482,220,2021-08-03,2021-08-12,10,control,0,0.65953493,1,dept_220_closure_2021-08-03,2021-07-24,2021-07,-1,0,0.1,232482|220|2021-08-03,0.10249212199287816,0.0
233961,220,2021-08-03,2021-08-12,10,control,0,0.98906124,1,dept_220_closure_2021-08-03,2021-07-24,2021-07,-1,0,0.4,233961|220|2021-08-03,0.43201843199287815,0.0
238705,220,2021-08-03,2021-08-12,10,control,0,0.04533899,0,dept_220_closure_2021-08-03,2021-07-24,2021-07,-1,0,0.1,238705|220|2021-08-03,-0.5117038180071218,0.0
241192,220,2021-08-03,2021-08-12,10,control,0,0.06585475,0,dept_220_closure_2021-08-03,2021-07-24,2021-07,-1,0,0.1,241192|220|2021-08-03,-0.4911880580071218,0.0
252968,220,2021-08-03,2021-08-12,10,control,0,0.9948561,1,dept_220_closure_2021-08-03,2021-07-24,2021-07,-1,0,0.5,252968|220|2021-08-03,0.4378132919928782,0.0
253375,220,2021-08-03,2021-08-12,10,control,0,0.24600601,0,dept_220_closure_2021-08-03,2021-07-24,2021-07,-1,0,0.2,253375|220|2021-08-03,-0.3110367980071218,0.0
254530,220,2021-08-03,2021-08-12,10,treatment,1,0.23038238,0,dept_220_closure_2021-08-03,2021-07-24,2021-07,-1,0,0.1,254530|220|2021-08-03,-0.3266604280071218,0.0
259939,220,2021-08-03,2021-08-12,10,control,0,0.47075176,0,dept_220_closure_2021-08-03,2021-07-24,2021-07,-1,0,0.1,259939|220|2021-08-03,-0.08629104800712178,0.0
261960,220,2021-08-03,2021-08-12,10,treatment,1,0.9781944,1,dept_220_closure_2021-08-03,2021-07-24,2021-07,-1,0,0.1,261960|220|2021-08-03,0.4211515919928782,0.0
261985,220,2021-08-03,2021-08-12,10,control,0,0.31017396,0,dept_220_closure_2021-08-03,2021-07-24,2021-07,-1,0,0.1,261985|220|2021-08-03,-0.24686884800712178,0.0
265853,220,2021-08-03,2021-08-12,10,control,0,0.92679673,1,dept_220_closure_2021-08-03,2021-07-24,2021-07,-1,0,0.1,265853|220|2021-08-03,0.36975392199287815,0.0
274248,220,2021-08-03,2021-08-12,10,treatment,1,0.4918714,0,dept_220_closure_2021-08-03,2021-07-24,2021-07,-1,0,0.3,274248|220|2021-08-03,-0.06517140800712179,0.0
287104,220,2021-08-03,2021-08-12,10,control,0,0.27423355,0,dept_220_closure_2021-08-03,2021-07-24,2021-07,-1,0,0.1,287104|220|2021-08-03,-0.2828092580071218,0.0
292145,220,2021-08-03,2021-08-12,10,control,0,0.76648015,1,dept_220_closure_2021-08-03,2021-07-24,2021-07,-1,0,0.2,292145|220|2021-08-03,0.20943734199287822,0.0
302251,220,2021-08-03,2021-08-12,10,control,0,0.2580417,0,dept_220_closure_2021-08-03,2021-07-24,2021-07,-1,0,0.1,302251|220|2021-08-03,-0.2990011080071218,0.0
317371,220,2021-08-03,2021-08-12,10,control,0,0.22138746,0,dept_220_closure_2021-08-03,2021-07-24,2021-07,-1,0,0.1,317371|220|2021-08-03,-0.3356553480071218,0.0
317871,220,2021-08-03,2021-08-12,10,control,0,0.45620897,0,dept_220_closure_2021-08-03,2021-07-24,2021-07,-1,0,0.1,317871|220|2021-08-03,-0.10083383800712181,0.0
319376,220,2021-08-03,2021-08-12,10,control,0,0.95774853,1,dept_220_closure_2021-08-03,2021-07-24,2021-07,-1,0,0.1,319376|220|2021-08-03,0.40070572199287824,0.0
319608,220,2021-08-03,2021-08-12,10,treatment,1,0.4053265,0,dept_220_closure_2021-08-03,2021-07-24,2021-07,-1,0,0.3,319608|220|2021-08-03,-0.15171630800712183,0.0
334945,220,2021-08-03,2021-08-12,10,treatment,1,0.5878053,1,dept_220_closure_2021-08-03,2021-07-24,2021-07,-1,0,0.2,334945|220|2021-08-03,0.03076249199287817,0.0
335249,220,2021-08-03,2021-08-12,10,control,0,0.4225874,0,dept_220_closure_2021-08-03,2021-07-24,2021-07,-1,0,0.1,335249|220|2021-08-03,-0.1344554080071218,0.0
335513,220,2021-08-03,2021-08-12,10,control,0,0.4120218,0,dept_220_closure_2021-08-03,2021-07-24,2021-07,-1,0,0.1,335513|220|2021-08-03,-0.1450210080071218,0.0
337743,220,2021-08-03,2021-08-12,10,control,0,0.8586401,1,dept_220_closure_2021-08-03,2021-07-24,2021-07,-1,0,0.2,337743|220|2021-08-03,0.3015972919928782,0.0
338795,220,2021-08-03,2021-08-12,10,control,0,0.9937735,1,dept_220_closure_2021-08-03,2021-07-24,2021-07,-1,0,0.4,338795|220|2021-08-03,0.4367306919928782,0.0
345461,220,2021-08-03,2021-08-12,10,treatment,1,0.0542239,0,dept_220_closure_2021-08-03,2021-07-24,2021-07,-1,0,0.1,345461|220|2021-08-03,-0.5028189080071218,0.0
350030,220,2021-08-03,2021-08-12,10,control,0,0.90700144,1,dept_220_closure_2021-08-03,2021-07-24,2021-07,-1,0,0.1,350030|220|2021-08-03,0.34995863199287824,0.0
356190,220,2021-08-03,2021-08-12,10,control,0,0.13850394,0,dept_220_closure_2021-08-03,2021-07-24,2021-07,-1,0,0.1,356190|220|2021-08-03,-0.4185388680071218,0.0
357456,220,2021-08-03,2021-08-12,10,control,0,0.78338975,1,dept_220_closure_2021-08-03,2021-07-24,2021-07,-1,0,0.4,357456|220|2021-08-03,0.2263469419928782,0.0
357613,220,2021-08-03,2021-08-12,10,control,0,0.9373738,1,dept_220_closure_2021-08-03,2021-07-24,2021-07,-1,0,0.1,357613|220|2021-08-03,0.38033099199287823,0.0
360045,220,2021-08-03,2021-08-12,10,treatment,1,0.58792037,1,dept_220_closure_2021-08-03,2021-07-24,2021-07,-1,0,0.1,360045|220|2021-08-03,0.030877561992878166,0.0
360085,220,2021-08-03,2021-08-12,10,control,0,0.89641386,1,dept_220_closure_2021-08-03,2021-07-24,2021-07,-1,0,0.1,360085|220|2021-08-03,0.3393710519928782,0.0
360570,220,2021-08-03,2021-08-12,10,control,0,0.35502094,0,dept_220_closure_2021-08-03,2021-07-24,2021-07,-1,0,0.1,360570|220|2021-08-03,-0.2020218680071218,0.0
362057,220,2021-08-03,2021-08-12,10,treatment,1,0.4735397,0,dept_220_closure_2021-08-03,2021-07-24,2021-07,-1,0,0.2,362057|220|2021-08-03,-0.0835031080071218,0.0
371176,220,2021-08-03,2021-08-12,10,treatment,1,0.9067194,1,dept_220_closure_2021-08-03,2021-07-24,2021-07,-1,0,0.1,371176|220|2021-08-03,0.34967659199287815,0.0
374602,220,2021-08-03,2021-08-12,10,control,0,0.4016674,0,dept_220_closure_2021-08-03,2021-07-24,2021-07,-1,0,0.2,374602|220|2021-08-03,-0.1553754080071218,0.0
381960,220,2021-08-03,2021-08-12,10,treatment,1,0.039908174,0,dept_220_closure_2021-08-03,2021-07-24,2021-07,-1,0,0.1,381960|220|2021-08-03,-0.5171346340071218,0.0
384508,220,2021-08-03,2021-08-12,10,treatment,1,0.69718236,1,dept_220_closure_2021-08-03,2021-07-24,2021-07,-1,0,0.1,384508|220|2021-08-03,0.1401395519928782,0.0
385671,220,2021-08-03,2021-08-12,10,control,0,0.19298424,0,dept_220_closure_2021-08-03,2021-07-24,2021-07,-1,0,0.1,385671|220|2021-08-03,-0.3640585680071218,0.0
397196,220,2021-08-03,2021-08-12,10,control,0,0.8233075,1,dept_220_closure_2021-08-03,2021-07-24,2021-07,-1,0,0.1,397196|220|2021-08-03,0.26626469199287817,0.0
403529,220,2021-08-03,2021-08-12,10,control,0,0.062160205,0,dept_220_closure_2021-08-03,2021-07-24,2021-07,-1,0,0.1,403529|220|2021-08-03,-0.4948826030071218,0.0
417937,220,2021-08-03,2021-08-12,10,control,0,0.90263176,1,dept_220_closure_2021-08-03,2021-07-24,2021-07,-1,0,0.1,417937|220|2021-08-03,0.3455889519928782,0.0
422949,220,2021-08-03,2021-08-12,10,treatment,1,0.9957481,1,dept_220_closure_2021-08-03,2021-07-24,2021-07,-1,0,0.2,422949|220|2021-08-03,0.4387052919928782,0.0
424633,220,2021-08-03,2021-08-12,10,control,0,0.7512995,1,dept_220_closure_2021-08-03,2021-07-24,2021-07,-1,0,0.2,424633|220|2021-08-03,0.1942566919928782,0.0
428538,220,2021-08-03,2021-08-12,10,control,0,0.12690122,0,dept_220_closure_2021-08-03,2021-07-24,2021-07,-1,0,0.2,428538|220|2021-08-03,-0.43014158800712177,0.0
429640,220,2021-08-03,2021-08-12,10,control,0,0.26543924,0,dept_220_closure_2021-08-03,2021-07-24,2021-07,-1,0,0.2,429640|220|2021-08-03,-0.2916035680071218,0.0
431709,220,2021-08-03,2021-08-12,10,treatment,1,0.92964554,1,dept_220_closure_2021-08-03,2021-07-24,2021-07,-1,0,0.4,431709|220|2021-08-03,0.3726027319928782,0.0
432375,220,2021-08-03,2021-08-12,10,control,0,0.8272747,1,dept_220_closure_2021-08-03,2021-07-24,2021-07,-1,0,0.4,432375|220|2021-08-03,0.2702318919928782,0.0
433153,220,2021-08-03,2021-08-12,10,control,0,0.07279754,0,dept_220_closure_2021-08-03,2021-07-24,2021-07,-1,0,0.1,433153|220|2021-08-03,-0.4842452680071218,0.0
433787,220,2021-08-03,2021-08-12,10,control,0,0.34721175,0,dept_220_closure_2021-08-03,2021-07-24,2021-07,-1,0,0.2,433787|220|2021-08-03,-0.20983105800712182,0.0
434053,220,2021-08-03,2021-08-12,10,control,0,0.82605904,1,dept_220_closure_2021-08-03,2021-07-24,2021-07,-1,0,0.2,434053|220|2021-08-03,0.26901623199287816,0.0
436364,220,2021-08-03,2021-08-12,10,control,0,0.6788204,1,dept_220_closure_2021-08-03,2021-07-24,2021-07,-1,0,0.1,436364|220|2021-08-03,0.12177759199287819,0.0
436873,220,2021-08-03,2021-08-12,10,control,0,0.8873911,1,dept_220_closure_2021-08-03,2021-07-24,2021-07,-1,0,0.2,436873|220|2021-08-03,0.3303482919928782,0.0
440861,220,2021-08-03,2021-08-12,10,treatment,1,0.9101921,1,dept_220_closure_2021-08-03,2021-07-24,2021-07,-1,0,0.1,440861|220|2021-08-03,0.35314929199287814,0.0
445306,220,2021-08-03,2021-08-12,10,control,0,0.7364632,1,dept_220_closure_2021-08-03,2021-07-24,2021-07,-1,0,0.1,445306|220|2021-08-03,0.17942039199287818,0.0
457153,220,2021-08-03,2021-08-12,10,control,0,0.6513767,1,dept_220_closure_2021-08-03,2021-07-24,2021-07,-1,0,0.1,457153|220|2021-08-03,0.09433389199287823,0.0
458678,220,2021-08-03,2021-08-12,10,control,0,0.9679595,1,dept_220_closure_2021-08-03,2021-07-24,2021-07,-1,0,0.3,458678|220|2021-08-03,0.41091669199287817,0.0
462623,220,2021-08-03,2021-08-12,10,control,0,0.71561825,1,dept_220_closure_2021-08-03,2021-07-24,2021-07,-1,0,0.1,462623|220|2021-08-03,0.1585754419928782,0.0
463543,220,2021-08-03,2021-08-12,10,treatment,1,0.42845714,0,dept_220_closure_2021-08-03,2021-07-24,2021-07,-1,0,0.1,463543|220|2021-08-03,-0.1285856680071218,0.0
468387,220,2021-08-03,2021-08-12,10,control,0,0.90267795,1,dept_220_closure_2021-08-03,2021-07-24,2021-07,-1,0,0.2,468387|220|2021-08-03,0.34563514199287815,0.0
471787,220,2021-08-03,2021-08-12,10,control,0,0.048266232,0,dept_220_closure_2021-08-03,2021-07-24,2021-07,-1,0,0.1,471787|220|2021-08-03,-0.5087765760071218,0.0
475960,220,2021-08-03,2021-08-12,10,control,0,0.6447962,1,dept_220_closure_2021-08-03,2021-07-24,2021-07,-1,0,0.2,475960|220|2021-08-03,0.08775339199287824,0.0
476341,220,2021-08-03,2021-08-12,10,treatment,1,0.1357723,0,dept_220_closure_2021-08-03,2021-07-24,2021-07,-1,0,0.1,476341|220|2021-08-03,-0.4212705080071218,0.0
477134,220,2021-08-03,2021-08-12,10,control,0,0.95969844,1,dept_220_closure_2021-08-03,2021-07-24,2021-07,-1,0,0.1,477134|220|2021-08-03,0.40265563199287824,0.0
479735,220,2021-08-03,2021-08-12,10,control,0,0.5824613,1,dept_220_closure_2021-08-03,2021-07-24,2021-07,-1,0,0.2,479735|220|2021-08-03,0.025418491992878156,0.0
481308,220,2021-08-03,2021-08-12,10,control,0,0.68106776,1,dept_220_closure_2021-08-03,2021-07-24,2021-07,-1,0,0.4,481308|220|2021-08-03,0.12402495199287822,0.0
486671,220,2021-08-03,2021-08-12,10,control,0,0.5864995,1,dept_220_closure_2021-08-03,2021-07-24,2021-07,-1,0,0.1,486671|220|2021-08-03,0.029456691992878148,0.0
488919,220,2021-08-03,2021-08-12,10,control,0,0.4381174,0,dept_220_closure_2021-08-03,2021-07-24,2021-07,-1,0,0.1,488919|220|2021-08-03,-0.11892540800712181,0.0
492075,220,2021-08-03,2021-08-12,10,control,0,0.9271823,1,dept_220_closure_2021-08-03,2021-07-24,2021-07,-1,0,0.1,492075|220|2021-08-03,0.3701394919928782,0.0
492311,220,2021-08-03,2021-08-12,10,treatment,1,0.8732381,1,dept_220_closure_2021-08-03,2021-07-24,2021-07,-1,0,0.1,492311|220|2021-08-03,0.3161952919928782,0.0
495931,220,2021-08-03,2021-08-12,10,treatment,1,0.40785658,0,dept_220_closure_2021-08-03,2021-07-24,2021-07,-1,0,0.1,495931|220|2021-08-03,-0.14918622800712178,0.0
501602,220,2021-08-03,2021-08-12,10,control,0,0.5941352,1,dept_220_closure_2021-08-03,2021-07-24,2021-07,-1,0,0.1,501602|220|2021-08-03,0.03709239199287817,0.0
504127,220,2021-08-03,2021-08-12,10,control,0,0.9050062,1,dept_220_closure_2021-08-03,2021-07-24,2021-07,-1,0,0.1,504127|220|2021-08-03,0.3479633919928782,0.0
504664,220,2021-08-03,2021-08-12,10,control,0,0.9688029,1,dept_220_closure_2021-08-03,2021-07-24,2021-07,-1,0,0.5,504664|220|2021-08-03,0.4117600919928782,0.0
509412,220,2021-08-03,2021-08-12,10,control,0,0.28112924,0,dept_220_closure_2021-08-03,2021-07-24,2021-07,-1,0,0.1,509412|220|2021-08-03,-0.2759135680071218,0.0
511846,220,2021-08-03,2021-08-12,10,treatment,1,0.45164326,0,dept_220_closure_2021-08-03,2021-07-24,2021-07,-1,0,0.1,511846|220|2021-08-03,-0.10539954800712181,0.0
519212,220,2021-08-03,2021-08-12,10,control,0,0.60214114,1,dept_220_closure_2021-08-03,2021-07-24,2021-07,-1,0,0.2,519212|220|2021-08-03,0.04509833199287816,0.0
519716,220,2021-08-03,2021-08-12,10,control,0,0.07959384,0,dept_220_closure_2021-08-03,2021-07-24,2021-07,-1,0,0.2,519716|220|2021-08-03,-0.4774489680071218,0.0
520522,220,2021-08-03,2021-08-12,10,control,0,0.9624706,1,dept_220_closure_2021-08-03,2021-07-24,2021-07,-1,0,0.5,520522|220|2021-08-03,0.40542779199287815,0.0
527803,220,2021-08-03,2021-08-12,10,treatment,1,0.3117785,0,dept_220_closure_2021-08-03,2021-07-24,2021-07,-1,0,0.1,527803|220|2021-08-03,-0.2452643080071218,0.0
530312,220,2021-08-03,2021-08-12,10,control,0,0.14991029,0,dept_220_closure_2021-08-03,2021-07-24,2021-07,-1,0,0.1,530312|220|2021-08-03,-0.4071325180071218,0.0
531841,220,2021-08-03,2021-08-12,10,control,0,0.6631696,1,dept_220_closure_2021-08-03,2021-07-24,2021-07,-1,0,0.1,531841|220|2021-08-03,0.10612679199287822,0.0
532786,220,2021-08-03,2021-08-12,10,control,0,0.019069033,0,dept_220_closure_2021-08-03,2021-07-24,2021-07,-1,0,0.1,532786|220|2021-08-03,-0.5379737750071218,0.0
533118,220,2021-08-03,2021-08-12,10,control,0,0.697361,1,dept_220_closure_2021-08-03,2021-07-24,2021-07,-1,0,0.1,533118|220|2021-08-03,0.1403181919928782,0.0
534055,220,2021-08-03,2021-08-12,10,control,0,0.037115213,0,dept_220_closure_2021-08-03,2021-07-24,2021-07,-1,0,0.1,534055|220|2021-08-03,-0.5199275950071218,0.0
535979,220,2021-08-03,2021-08-12,10,control,0,0.064983964,0,dept_220_closure_2021-08-03,2021-07-24,2021-07,-1,0,0.1,535979|220|2021-08-03,-0.4920588440071218,0.0
537919,220,2021-08-03,2021-08-12,10,control,0,0.14843774,0,dept_220_closure_2021-08-03,2021-07-24,2021-07,-1,0,0.1,537919|220|2021-08-03,-0.4086050680071218,0.0
541669,220,2021-08-03,2021-08-12,10,control,0,0.51479125,1,dept_220_closure_2021-08-03,2021-07-24,2021-07,-1,0,0.2,541669|220|2021-08-03,-0.04225155800712177,0.0
545342,220,2021-08-03,2021-08-12,10,control,0,0.9634323,1,dept_220_closure_2021-08-03,2021-07-24,2021-07,-1,0,0.3,545342|220|2021-08-03,0.4063894919928782,0.0
548177,220,2021-08-03,2021-08-12,10,control,0,0.13166462,0,dept_220_closure_2021-08-03,2021-07-24,2021-07,-1,0,0.1,548177|220|2021-08-03,-0.4253781880071218,0.0
548341,220,2021-08-03,2021-08-12,10,control,0,0.48975724,0,dept_220_closure_2021-08-03,2021-07-24,2021-07,-1,0,0.1,548341|220|2021-08-03,-0.06728556800712182,0.0
555873,220,2021-08-03,2021-08-12,10,treatment,1,0.71792585,1,dept_220_closure_2021-08-03,2021-07-24,2021-07,-1,0,0.2,555873|220|2021-08-03,0.16088304199287817,0.0
561226,220,2021-08-03,2021-08-12,10,control,0,0.046166904,0,dept_220_closure_2021-08-03,2021-07-24,2021-07,-1,0,0.1,561226|220|2021-08-03,-0.5108759040071218,0.0
561912,220,2021-08-03,2021-08-12,10,treatment,1,0.41443643,0,dept_220_closure_2021-08-03,2021-07-24,2021-07,-1,0,0.2,561912|220|2021-08-03,-0.14260637800712178,0.0
563056,220,2021-08-03,2021-08-12,10,treatment,1,0.75777537,1,dept_220_closure_2021-08-03,2021-07-24,2021-07,-1,0,0.1,563056|220|2021-08-03,0.20073256199287814,0.0
579263,220,2021-08-03,2021-08-12,10,control,0,0.17402212,0,dept_220_closure_2021-08-03,2021-07-24,2021-07,-1,0,0.1,579263|220|2021-08-03,-0.3830206880071218,0.0
580303,220,2021-08-03,2021-08-12,10,control,0,0.4020904,0,dept_220_closure_2021-08-03,2021-07-24,2021-07,-1,0,0.2,580303|220|2021-08-03,-0.1549524080071218,0.0
582585,220,2021-08-03,2021-08-12,10,control,0,0.10275304,0,dept_220_closure_2021-08-03,2021-07-24,2021-07,-1,0,0.1,582585|220|2021-08-03,-0.4542897680071218,0.0
584099,220,2021-08-03,2021-08-12,10,control,0,0.8001846,1,dept_220_closure_2021-08-03,2021-07-24,2021-07,-1,0,0.4,584099|220|2021-08-03,0.24314179199287822,0.0
584992,220,2021-08-03,2021-08-12,10,control,0,0.5387859,1,dept_220_closure_2021-08-03,2021-07-24,2021-07,-1,0,0.1,584992|220|2021-08-03,-0.018256908007121764,0.0
592364,220,2021-08-03,2021-08-12,10,treatment,1,0.49165583,0,dept_220_closure_2021-08-03,2021-07-24,2021-07,-1,0,0.2,592364|220|2021-08-03,-0.06538697800712179,0.0
592536,220,2021-08-03,2021-08-12,10,control,0,0.84302837,1,dept_220_closure_2021-08-03,2021-07-24,2021-07,-1,0,0.3,592536|220|2021-08-03,0.28598556199287817,0.0
593388,220,2021-08-03,2021-08-12,10,control,0,0.7095664,1,dept_220_closure_2021-08-03,2021-07-24,2021-07,-1,0,0.1,593388|220|2021-08-03,0.15252359199287824,0.0
595698,220,2021-08-03,2021-08-12,10,control,0,0.36557588,0,dept_220_closure_2021-08-03,2021-07-24,2021-07,-1,0,0.1,595698|220|2021-08-03,-0.19146692800712178,0.0
596070,220,2021-08-03,2021-08-12,10,control,0,0.09212437,0,dept_220_closure_2021-08-03,2021-07-24,2021-07,-1,0,0.1,596070|220|2021-08-03,-0.4649184380071218,0.0
598174,220,2021-08-03,2021-08-12,10,control,0,0.49036124,0,dept_220_closure_2021-08-03,2021-07-24,2021-07,-1,0,0.4,598174|220|2021-08-03,-0.06668156800712183,0.0
603054,220,2021-08-03,2021-08-12,10,control,0,0.9956852,1,dept_220_closure_2021-08-03,2021-07-24,2021-07,-1,0,0.4,603054|220|2021-08-03,0.43864239199287824,0.0
605931,220,2021-08-03,2021-08-12,10,control,0,0.9996991,1,dept_220_closure_2021-08-03,2021-07-24,2021-07,-1,0,0.6,605931|220|2021-08-03,0.44265629199287815,0.0
606482,220,2021-08-03,2021-08-12,10,treatment,1,0.36757112,0,dept_220_closure_2021-08-03,2021-07-24,2021-07,-1,0,0.2,606482|220|2021-08-03,-0.18947168800712183,0.0
607168,220,2021-08-03,2021-08-12,10,control,0,0.49183258,0,dept_220_closure_2021-08-03,2021-07-24,2021-07,-1,0,0.1,607168|220|2021-08-03,-0.06521022800712178,0.0
613739,220,2021-08-03,2021-08-12,10,treatment,1,0.50467885,1,dept_220_closure_2021-08-03,2021-07-24,2021-07,-1,0,0.1,613739|220|2021-08-03,-0.05236395800712179,0.0
616335,220,2021-08-03,2021-08-12,10,control,0,0.31117782,0,dept_220_closure_2021-08-03,2021-07-24,2021-07,-1,0,0.2,616335|220|2021-08-03,-0.2458649880071218,0.0
618332,220,2021-08-03,2021-08-12,10,treatment,1,0.019330729,0,dept_220_closure_2021-08-03,2021-07-24,2021-07,-1,0,0.1,618332|220|2021-08-03,-0.5377120790071218,0.0
621771,220,2021-08-03,2021-08-12,10,control,0,0.4136609,0,dept_220_closure_2021-08-03,2021-07-24,2021-07,-1,0,0.1,621771|220|2021-08-03,-0.1433819080071218,0.0
622152,220,2021-08-03,2021-08-12,10,control,0,0.6173542,1,dept_220_closure_2021-08-03,2021-07-24,2021-07,-1,0,0.1,622152|220|2021-08-03,0.06031139199287816,0.0
622795,220,2021-08-03,2021-08-12,10,control,0,0.9867932,1,dept_220_closure_2021-08-03,2021-07-24,2021-07,-1,0,0.8,622795|220|2021-08-03,0.42975039199287823,0.0
622916,220,2021-08-03,2021-08-12,10,control,0,0.9560178,1,dept_220_closure_2021-08-03,2021-07-24,2021-07,-1,0,0.2,622916|220|2021-08-03,0.3989749919928782,0.0
633435,220,2021-08-03,2021-08-12,10,control,0,0.72169435,1,dept_220_closure_2021-08-03,2021-07-24,2021-07,-1,0,0.2,633435|220|2021-08-03,0.16465154199287824,0.0
633863,220,2021-08-03,2021-08-12,10,treatment,1,0.3031388,0,dept_220_closure_2021-08-03,2021-07-24,2021-07,-1,0,0.3,633863|220|2021-08-03,-0.2539040080071218,0.0
636777,220,2021-08-03,2021-08-12,10,treatment,1,0.27983367,0,dept_220_closure_2021-08-03,2021-07-24,2021-07,-1,0,0.1,636777|220|2021-08-03,-0.2772091380071218,0.0
641521,220,2021-08-03,2021-08-12,10,control,0,0.054567035,0,dept_220_closure_2021-08-03,2021-07-24,2021-07,-1,0,0.1,641521|220|2021-08-03,-0.5024757730071218,0.0
648349,220,2021-08-03,2021-08-12,10,treatment,1,0.22165641,0,dept_220_closure_2021-08-03,2021-07-24,2021-07,-1,0,0.3,648349|220|2021-08-03,-0.3353863980071218,0.0
652831,220,2021-08-03,2021-08-12,10,control,0,0.75981694,1,dept_220_closure_2021-08-03,2021-07-24,2021-07,-1,0,0.1,652831|220|2021-08-03,0.2027741319928782,0.0
657203,220,2021-08-03,2021-08-12,10,control,0,0.43077397,0,dept_220_closure_2021-08-03,2021-07-24,2021-07,-1,0,0.1,657203|220|2021-08-03,-0.1262688380071218,0.0
658373,220,2021-08-03,2021-08-12,10,control,0,0.5310669,1,dept_220_closure_2021-08-03,2021-07-24,2021-07,-1,0,0.5,658373|220|2021-08-03,-0.025975908007121795,0.0
663057,220,2021-08-03,2021-08-12,10,control,0,0.60450864,1,dept_220_closure_2021-08-03,2021-07-24,2021-07,-1,0,0.2,663057|220|2021-08-03,0.04746583199287824,0.0
663066,220,2021-08-03,2021-08-12,10,control,0,0.8395316,1,dept_220_closure_2021-08-03,2021-07-24,2021-07,-1,0,0.1,663066|220|2021-08-03,0.28248879199287824,0.0
663732,220,2021-08-03,2021-08-12,10,treatment,1,0.9699985,1,dept_220_closure_2021-08-03,2021-07-24,2021-07,-1,0,0.2,663732|220|2021-08-03,0.4129556919928782,0.0
665679,220,2021-08-03,2021-08-12,10,control,0,0.8064501,1,dept_220_closure_2021-08-03,2021-07-24,2021-07,-1,0,0.3,665679|220|2021-08-03,0.24940729199287814,0.0
667672,220,2021-08-03,2021-08-12,10,control,0,0.20532988,0,dept_220_closure_2021-08-03,2021-07-24,2021-07,-1,0,0.1,667672|220|2021-08-03,-0.35171292800712184,0.0
669961,220,2021-08-03,2021-08-12,10,control,0,0.926563,1,dept_220_closure_2021-08-03,2021-07-24,2021-07,-1,0,0.4,669961|220|2021-08-03,0.3695201919928782,0.0
670369,220,2021-08-03,2021-08-12,10,treatment,1,0.3994965,0,dept_220_closure_2021-08-03,2021-07-24,2021-07,-1,0,0.2,670369|220|2021-08-03,-0.15754630800712183,0.0
670865,220,2021-08-03,2021-08-12,10,control,0,0.99718827,1,dept_220_closure_2021-08-03,2021-07-24,2021-07,-1,0,0.6,670865|220|2021-08-03,0.4401454619928782,0.0
676041,220,2021-08-03,2021-08-12,10,control,0,0.7736071,1,dept_220_closure_2021-08-03,2021-07-24,2021-07,-1,0,0.1,676041|220|2021-08-03,0.2165642919928782,0.0
677500,220,2021-08-03,2021-08-12,10,control,0,0.098479375,0,dept_220_closure_2021-08-03,2021-07-24,2021-07,-1,0,0.1,677500|220|2021-08-03,-0.4585634330071218,0.0
691147,220,2021-08-03,2021-08-12,10,treatment,1,0.46282363,0,dept_220_closure_2021-08-03,2021-07-24,2021-07,-1,0,0.1,691147|220|2021-08-03,-0.09421917800712182,0.0
691797,220,2021-08-03,2021-08-12,10,control,0,0.32696694,0,dept_220_closure_2021-08-03,2021-07-24,2021-07,-1,0,0.2,691797|220|2021-08-03,-0.23007586800712182,0.0
692652,220,2021-08-03,2021-08-12,10,control,0,0.87179786,1,dept_220_closure_2021-08-03,2021-07-24,2021-07,-1,0,0.2,692652|220|2021-08-03,0.31475505199287823,0.0
694251,220,2021-08-03,2021-08-12,10,control,0,0.42500657,0,dept_220_closure_2021-08-03,2021-07-24,2021-07,-1,0,0.2,694251|220|2021-08-03,-0.13203623800712183,0.0
694414,220,2021-08-03,2021-08-12,10,control,0,0.048599984,0,dept_220_closure_2021-08-03,2021-07-24,2021-07,-1,0,0.1,694414|220|2021-08-03,-0.5084428240071218,0.0
700923,220,2021-08-03,2021-08-12,10,control,0,0.9335948,1,dept_220_closure_2021-08-03,2021-07-24,2021-07,-1,0,0.3,700923|220|2021-08-03,0.37655199199287814,0.0
704777,220,2021-08-03,2021-08-12,10,control,0,0.15188497,0,dept_220_closure_2021-08-03,2021-07-24,2021-07,-1,0,0.1,704777|220|2021-08-03,-0.4051578380071218,0.0
712663,220,2021-08-03,2021-08-12,10,control,0,0.061575986,0,dept_220_closure_2021-08-03,2021-07-24,2021-07,-1,0,0.1,712663|220|2021-08-03,-0.4954668220071218,0.0
714404,220,2021-08-03,2021-08-12,10,control,0,0.8082515,1,dept_220_closure_2021-08-03,2021-07-24,2021-07,-1,0,0.1,714404|220|2021-08-03,0.2512086919928782,0.0
720117,220,2021-08-03,2021-08-12,10,control,0,0.90729785,1,dept_220_closure_2021-08-03,2021-07-24,2021-07,-1,0,0.2,720117|220|2021-08-03,0.35025504199287816,0.0
721592,220,2021-08-03,2021-08-12,10,control,0,0.87604505,1,dept_220_closure_2021-08-03,2021-07-24,2021-07,-1,0,0.1,721592|220|2021-08-03,0.3190022419928782,0.0
721824,220,2021-08-03,2021-08-12,10,control,0,0.8481686,1,dept_220_closure_2021-08-03,2021-07-24,2021-07,-1,0,0.2,721824|220|2021-08-03,0.29112579199287825,0.0
722428,220,2021-08-03,2021-08-12,10,control,0,0.821117,1,dept_220_closure_2021-08-03,2021-07-24,2021-07,-1,0,0.1,722428|220|2021-08-03,0.2640741919928782,0.0
724234,220,2021-08-03,2021-08-12,10,control,0,0.99055606,1,dept_220_closure_2021-08-03,2021-07-24,2021-07,-1,0,0.2,724234|220|2021-08-03,0.43351325199287816,0.0
724558,220,2021-08-03,2021-08-12,10,control,0,0.40526575,0,dept_220_closure_2021-08-03,2021-07-24,2021-07,-1,0,0.1,724558|220|2021-08-03,-0.15177705800712182,0.0
725324,220,2021-08-03,2021-08-12,10,control,0,0.86215025,1,dept_220_closure_2021-08-03,2021-07-24,2021-07,-1,0,0.2,725324|220|2021-08-03,0.3051074419928782,0.0
725925,220,2021-08-03,2021-08-12,10,control,0,0.49072844,0,dept_220_closure_2021-08-03,2021-07-24,2021-07,-1,0,0.4,725925|220|2021-08-03,-0.06631436800712182,0.0
726993,220,2021-08-03,2021-08-12,10,control,0,0.99766785,1,dept_220_closure_2021-08-03,2021-07-24,2021-07,-1,0,0.5,726993|220|2021-08-03,0.4406250419928782,0.0
729196,220,2021-08-03,2021-08-12,10,treatment,1,0.929942,1,dept_220_closure_2021-08-03,2021-07-24,2021-07,-1,0,0.1,729196|220|2021-08-03,0.37289919199287824,0.0
731934,220,2021-08-03,2021-08-12,10,control,0,0.99906045,1,dept_220_closure_2021-08-03,2021-07-24,2021-07,-1,0,0.6,731934|220|2021-08-03,0.4420176419928782,0.0
748725,220,2021-08-03,2021-08-12,10,control,0,0.2019261,0,dept_220_closure_2021-08-03,2021-07-24,2021-07,-1,0,0.1,748725|220|2021-08-03,-0.3551167080071218,0.0
751636,220,2021-08-03,2021-08-12,10,treatment,1,0.059402533,0,dept_220_closure_2021-08-03,2021-07-24,2021-07,-1,0,0.1,751636|220|2021-08-03,-0.4976402750071218,0.0
754961,220,2021-08-03,2021-08-12,10,control,0,0.13207665,0,dept_220_closure_2021-08-03,2021-07-24,2021-07,-1,0,0.1,754961|220|2021-08-03,-0.4249661580071218,0.0
757622,220,2021-08-03,2021-08-12,10,control,0,0.5395092,1,dept_220_closure_2021-08-03,2021-07-24,2021-07,-1,0,0.1,757622|220|2021-08-03,-0.01753360800712178,0.0
759123,220,2021-08-03,2021-08-12,10,control,0,0.13356008,0,dept_220_closure_2021-08-03,2021-07-24,2021-07,-1,0,0.1,759123|220|2021-08-03,-0.42348272800712183,0.0
761910,220,2021-08-03,2021-08-12,10,control,0,0.60838103,1,dept_220_closure_2021-08-03,2021-07-24,2021-07,-1,0,0.1,761910|220|2021-08-03,0.051338221992878186,0.0
766084,220,2021-08-03,2021-08-12,10,treatment,1,0.13860422,0,dept_220_closure_2021-08-03,2021-07-24,2021-07,-1,0,0.1,766084|220|2021-08-03,-0.4184385880071218,0.0
771961,220,2021-08-03,2021-08-12,10,control,0,0.714365,1,dept_220_closure_2021-08-03,2021-07-24,2021-07,-1,0,0.2,771961|220|2021-08-03,0.15732219199287822,0.0
772243,220,2021-08-03,2021-08-12,10,control,0,0.92637795,1,dept_220_closure_2021-08-03,2021-07-24,2021-07,-1,0,0.3,772243|220|2021-08-03,0.3693351419928782,0.0
772494,220,2021-08-03,2021-08-12,10,control,0,0.14560261,0,dept_220_closure_2021-08-03,2021-07-24,2021-07,-1,0,0.3,772494|220|2021-08-03,-0.41144019800712184,0.0
772619,220,2021-08-03,2021-08-12,10,control,0,0.3083188,0,dept_220_closure_2021-08-03,2021-07-24,2021-07,-1,0,0.1,772619|220|2021-08-03,-0.2487240080071218,0.0
775445,220,2021-08-03,2021-08-12,10,treatment,1,0.032491747,0,dept_220_closure_2021-08-03,2021-07-24,2021-07,-1,0,0.1,775445|220|2021-08-03,-0.5245510610071218,0.0
775631,220,2021-08-03,2021-08-12,10,control,0,0.29018727,0,dept_220_closure_2021-08-03,2021-07-24,2021-07,-1,0,0.1,775631|220|2021-08-03,-0.2668555380071218,0.0
775989,220,2021-08-03,2021-08-12,10,control,0,0.19839406,0,dept_220_closure_2021-08-03,2021-07-24,2021-07,-1,0,0.1,775989|220|2021-08-03,-0.35864874800712176,0.0
776796,220,2021-08-03,2021-08-12,10,control,0,0.24238765,0,dept_220_closure_2021-08-03,2021-07-24,2021-07,-1,0,0.1,776796|220|2021-08-03,-0.3146551580071218,0.0
779717,220,2021-08-03,2021-08-12,10,control,0,0.29862046,0,dept_220_closure_2021-08-03,2021-07-24,2021-07,-1,0,0.3,779717|220|2021-08-03,-0.2584223480071218,0.0
781959,220,2021-08-03,2021-08-12,10,control,0,0.98473465,1,dept_220_closure_2021-08-03,2021-07-24,2021-07,-1,0,0.2,781959|220|2021-08-03,0.42769184199287824,0.0
785944,220,2021-08-03,2021-08-12,10,control,0,0.6229929,1,dept_220_closure_2021-08-03,2021-07-24,2021-07,-1,0,0.1,785944|220|2021-08-03,0.06595009199287816,0.0
786379,220,2021-08-03,2021-08-12,10,treatment,1,0.4860155,0,dept_220_closure_2021-08-03,2021-07-24,2021-07,-1,0,0.1,786379|220|2021-08-03,-0.07102730800712181,0.0
786943,220,2021-08-03,2021-08-12,10,control,0,0.7623864,1,dept_220_closure_2021-08-03,2021-07-24,2021-07,-1,0,0.1,786943|220|2021-08-03,0.20534359199287822,0.0
791760,220,2021-08-03,2021-08-12,10,control,0,0.13600452,0,dept_220_closure_2021-08-03,2021-07-24,2021-07,-1,0,0.1,791760|220|2021-08-03,-0.42103828800712184,0.0
791991,220,2021-08-03,2021-08-12,10,control,0,0.49683842,0,dept_220_closure_2021-08-03,2021-07-24,2021-07,-1,0,0.2,791991|220|2021-08-03,-0.0602043880071218,0.0
792110,220,2021-08-03,2021-08-12,10,control,0,0.50916183,1,dept_220_closure_2021-08-03,2021-07-24,2021-07,-1,0,0.1,792110|220|2021-08-03,-0.047880978007121766,0.0
792648,220,2021-08-03,2021-08-12,10,control,0,0.1387534,0,dept_220_closure_2021-08-03,2021-07-24,2021-07,-1,0,0.1,792648|220|2021-08-03,-0.4182894080071218,0.0
793278,220,2021-08-03,2021-08-12,10,control,0,0.6058644,1,dept_220_closure_2021-08-03,2021-07-24,2021-07,-1,0,0.2,793278|220|2021-08-03,0.048821591992878166,0.0
793838,220,2021-08-03,2021-08-12,10,control,0,0.7802267,1,dept_220_closure_2021-08-03,2021-07-24,2021-07,-1,0,0.1,793838|220|2021-08-03,0.22318389199287825,0.0
795270,220,2021-08-03,2021-08-12,10,control,0,0.77918214,1,dept_220_closure_2021-08-03,2021-07-24,2021-07,-1,0,0.2,795270|220|2021-08-03,0.22213933199287816,0.0
795838,220,2021-08-03,2021-08-12,10,control,0,0.25166476,0,dept_220_closure_2021-08-03,2021-07-24,2021-07,-1,0,0.2,795838|220|2021-08-03,-0.3053780480071218,0.0
796817,220,2021-08-03,2021-08-12,10,treatment,1,0.61673903,1,dept_220_closure_2021-08-03,2021-07-24,2021-07,-1,0,0.1,796817|220|2021-08-03,0.05969622199287816,0.0
802598,220,2021-08-03,2021-08-12,10,control,0,0.18245369,0,dept_220_closure_2021-08-03,2021-07-24,2021-07,-1,0,0.1,802598|220|2021-08-03,-0.3745891180071218,0.0
802789,220,2021-08-03,2021-08-12,10,control,0,0.9350461,1,dept_220_closure_2021-08-03,2021-07-24,2021-07,-1,0,0.2,802789|220|2021-08-03,0.3780032919928782,0.0
804492,220,2021-08-03,2021-08-12,10,control,0,0.96350646,1,dept_220_closure_2021-08-03,2021-07-24,2021-07,-1,0,0.2,804492|220|2021-08-03,0.40646365199287815,0.0
804676,220,2021-08-03,2021-08-12,10,control,0,0.50349313,1,dept_220_closure_2021-08-03,2021-07-24,2021-07,-1,0,0.1,804676|220|2021-08-03,-0.05354967800712185,0.0
805702,220,2021-08-03,2021-08-12,10,control,0,0.07063144,0,dept_220_closure_2021-08-03,2021-07-24,2021-07,-1,0,0.2,805702|220|2021-08-03,-0.4864113680071218,0.0
807712,220,2021-08-03,2021-08-12,10,treatment,1,0.20024157,0,dept_220_closure_2021-08-03,2021-07-24,2021-07,-1,0,0.2,807712|220|2021-08-03,-0.3568012380071218,0.0
807862,220,2021-08-03,2021-08-12,10,control,0,0.34199652,0,dept_220_closure_2021-08-03,2021-07-24,2021-07,-1,0,0.1,807862|220|2021-08-03,-0.21504628800712178,0.0
808436,220,2021-08-03,2021-08-12,10,control,0,0.19627808,0,dept_220_closure_2021-08-03,2021-07-24,2021-07,-1,0,0.1,808436|220|2021-08-03,-0.3607647280071218,0.0
302,220,2021-08-03,2021-08-12,10,control,0,0.13615026,0,dept_220_closure_2021-08-03,2021-08-13,2021-08,1,1,0.0,302|220|2021-08-03,-0.42089254800712184,0.0
1627,220,2021-08-03,2021-08-12,10,control,0,0.11956792,0,dept_220_closure_2021-08-03,2021-08-13,2021-08,1,1,0.0,1627|220|2021-08-03,-0.4374748880071218,0.0
2006,220,2021-08-03,2021-08-12,10,control,0,0.48476416,0,dept_220_closure_2021-08-03,2021-08-13,2021-08,1,1,0.3,2006|220|2021-08-03,-0.0722786480071218,0.0
2476,220,2021-08-03,2021-08-12,10,treatment,1,0.999537,1,dept_220_closure_2021-08-03,2021-08-13,2021-08,1,1,0.2,2476|220|2021-08-03,0.4424941919928782,0.0
4975,220,2021-08-03,2021-08-12,10,treatment,1,0.3980019,0,dept_220_closure_2021-08-03,2021-08-13,2021-08,1,1,0.0,4975|220|2021-08-03,-0.15904090800712178,0.0
7977,220,2021-08-03,2021-08-12,10,treatment,1,0.13604653,0,dept_220_closure_2021-08-03,2021-08-13,2021-08,1,1,0.0,7977|220|2021-08-03,-0.4209962780071218,0.0
8295,220,2021-08-03,2021-08-12,10,control,0,0.11962309,0,dept_220_closure_2021-08-03,2021-08-13,2021-08,1,1,0.0,8295|220|2021-08-03,-0.4374197180071218,0.0
9566,220,2021-08-03,2021-08-12,10,control,0,0.56819886,1,dept_220_closure_2021-08-03,2021-08-13,2021-08,1,1,0.3,9566|220|2021-08-03,0.011156051992878169,0.0
13288,220,2021-08-03,2021-08-12,10,control,0,0.1258119,0,dept_220_closure_2021-08-03,2021-08-13,2021-08,1,1,0.2,13288|220|2021-08-03,-0.4312309080071218,0.0
16369,220,2021-08-03,2021-08-12,10,control,0,0.8333925,1,dept_220_closure_2021-08-03,2021-08-13,2021-08,1,1,0.3,16369|220|2021-08-03,0.2763496919928782,0.0
16590,220,2021-08-03,2021-08-12,10,control,0,0.111005284,0,dept_220_closure_2021-08-03,2021-08-13,2021-08,1,1,0.0,16590|220|2021-08-03,-0.4460375240071218,0.0
17290,220,2021-08-03,2021-08-12,10,control,0,0.38025576,0,dept_220_closure_2021-08-03,2021-08-13,2021-08,1,1,0.0,17290|220|2021-08-03,-0.1767870480071218,0.0
18108,220,2021-08-03,2021-08-12,10,control,0,0.07333696,0,dept_220_closure_2021-08-03,2021-08-13,2021-08,1,1,0.0,18108|220|2021-08-03,-0.4837058480071218,0.0
21302,220,2021-08-03,2021-08-12,10,control,0,0.7898281,1,dept_220_closure_2021-08-03,2021-08-13,2021-08,1,1,0.2,21302|220|2021-08-03,0.23278529199287823,0.0
28217,220,2021-08-03,2021-08-12,10,control,0,0.028149802,0,dept_220_closure_2021-08-03,2021-08-13,2021-08,1,1,0.0,28217|220|2021-08-03,-0.5288930060071217,0.0
29822,220,2021-08-03,2021-08-12,10,control,0,0.97071034,1,dept_220_closure_2021-08-03,2021-08-13,2021-08,1,1,0.1,29822|220|2021-08-03,0.4136675319928782,0.0
30569,220,2021-08-03,2021-08-12,10,control,0,0.948497,1,dept_220_closure_2021-08-03,2021-08-13,2021-08,1,1,0.1,30569|220|2021-08-03,0.39145419199287823,0.0
32177,220,2021-08-03,2021-08-12,10,control,0,0.06984517,0,dept_220_closure_2021-08-03,2021-08-13,2021-08,1,1,0.0,32177|220|2021-08-03,-0.4871976380071218,0.0
36476,220,2021-08-03,2021-08-12,10,control,0,0.49539506,0,dept_220_closure_2021-08-03,2021-08-13,2021-08,1,1,0.0,36476|220|2021-08-03,-0.061647748007121805,0.0
42133,220,2021-08-03,2021-08-12,10,control,0,0.968327,1,dept_220_closure_2021-08-03,2021-08-13,2021-08,1,1,0.3,42133|220|2021-08-03,0.41128419199287825,0.0
46182,220,2021-08-03,2021-08-12,10,treatment,1,0.25135761,0,dept_220_closure_2021-08-03,2021-08-13,2021-08,1,1,0.1,46182|220|2021-08-03,-0.3056851980071218,0.0
48450,220,2021-08-03,2021-08-12,10,treatment,1,0.0056737727,0,dept_220_closure_2021-08-03,2021-08-13,2021-08,1,1,0.0,48450|220|2021-08-03,-0.5513690353071218,0.0
55478,220,2021-08-03,2021-08-12,10,treatment,1,0.06365064,0,dept_220_closure_2021-08-03,2021-08-13,2021-08,1,1,0.0,55478|220|2021-08-03,-0.4933921680071218,0.0
56188,220,2021-08-03,2021-08-12,10,control,0,0.4263225,0,dept_220_closure_2021-08-03,2021-08-13,2021-08,1,1,0.1,56188|220|2021-08-03,-0.1307203080071218,0.0
61126,220,2021-08-03,2021-08-12,10,control,0,0.69109726,1,dept_220_closure_2021-08-03,2021-08-13,2021-08,1,1,0.0,61126|220|2021-08-03,0.13405445199287824,0.0
62600,220,2021-08-03,2021-08-12,10,treatment,1,0.5212486,1,dept_220_closure_2021-08-03,2021-08-13,2021-08,1,1,0.2,62600|220|2021-08-03,-0.03579420800712185,0.0
66384,220,2021-08-03,2021-08-12,10,control,0,0.99945503,1,dept_220_closure_2021-08-03,2021-08-13,2021-08,1,1,0.2,66384|220|2021-08-03,0.4424122219928782,0.0
67270,220,2021-08-03,2021-08-12,10,control,0,0.9279296,1,dept_220_closure_2021-08-03,2021-08-13,2021-08,1,1,0.3,67270|220|2021-08-03,0.3708867919928782,0.0
69097,220,2021-08-03,2021-08-12,10,control,0,0.115446135,0,dept_220_closure_2021-08-03,2021-08-13,2021-08,1,1,0.0,69097|220|2021-08-03,-0.4415966730071218,0.0
72021,220,2021-08-03,2021-08-12,10,control,0,0.8740291,1,dept_220_closure_2021-08-03,2021-08-13,2021-08,1,1,0.6,72021|220|2021-08-03,0.3169862919928782,0.0
72913,220,2021-08-03,2021-08-12,10,control,0,0.7929579,1,dept_220_closure_2021-08-03,2021-08-13,2021-08,1,1,0.1,72913|220|2021-08-03,0.2359150919928782,0.0
73084,220,2021-08-03,2021-08-12,10,control,0,0.3650584,0,dept_220_closure_2021-08-03,2021-08-13,2021-08,1,1,0.1,73084|220|2021-08-03,-0.1919844080071218,0.0
77760,220,2021-08-03,2021-08-12,10,control,0,0.09386942,0,dept_220_closure_2021-08-03,2021-08-13,2021-08,1,1,0.0,77760|220|2021-08-03,-0.4631733880071218,0.0
80287,220,2021-08-03,2021-08-12,10,treatment,1,0.45511052,0,dept_220_closure_2021-08-03,2021-08-13,2021-08,1,1,0.1,80287|220|2021-08-03,-0.10193228800712179,0.0
87039,220,2021-08-03,2021-08-12,10,control,0,0.07454178,0,dept_220_closure_2021-08-03,2021-08-13,2021-08,1,1,0.0,87039|220|2021-08-03,-0.4825010280071218,0.0
95562,220,2021-08-03,2021-08-12,10,control,0,0.98653793,1,dept_220_closure_2021-08-03,2021-08-13,2021-08,1,1,0.1,95562|220|2021-08-03,0.4294951219928782,0.0
104861,220,2021-08-03,2021-08-12,10,treatment,1,0.02754575,0,dept_220_closure_2021-08-03,2021-08-13,2021-08,1,1,0.2,104861|220|2021-08-03,-0.5294970580071218,0.0
106116,220,2021-08-03,2021-08-12,10,control,0,0.9458735,1,dept_220_closure_2021-08-03,2021-08-13,2021-08,1,1,0.0,106116|220|2021-08-03,0.38883069199287823,0.0
106856,220,2021-08-03,2021-08-12,10,treatment,1,0.9481562,1,dept_220_closure_2021-08-03,2021-08-13,2021-08,1,1,0.1,106856|220|2021-08-03,0.3911133919928782,0.0
107092,220,2021-08-03,2021-08-12,10,control,0,0.008901618,0,dept_220_closure_2021-08-03,2021-08-13,2021-08,1,1,0.0,107092|220|2021-08-03,-0.5481411900071218,0.0
121553,220,2021-08-03,2021-08-12,10,control,0,0.94096047,1,dept_220_closure_2021-08-03,2021-08-13,2021-08,1,1,0.6,121553|220|2021-08-03,0.38391766199287825,0.0
123832,220,2021-08-03,2021-08-12,10,treatment,1,0.64468294,1,dept_220_closure_2021-08-03,2021-08-13,2021-08,1,1,0.2,123832|220|2021-08-03,0.08764013199287823,0.0
142039,220,2021-08-03,2021-08-12,10,control,0,0.14800519,0,dept_220_closure_2021-08-03,2021-08-13,2021-08,1,1,0.1,142039|220|2021-08-03,-0.4090376180071218,0.0
145996,220,2021-08-03,2021-08-12,10,treatment,1,0.009367884,0,dept_220_closure_2021-08-03,2021-08-13,2021-08,1,1,0.0,145996|220|2021-08-03,-0.5476749240071218,0.0
147790,220,2021-08-03,2021-08-12,10,treatment,1,0.8975899,1,dept_220_closure_2021-08-03,2021-08-13,2021-08,1,1,0.3,147790|220|2021-08-03,0.34054709199287825,0.0
155328,220,2021-08-03,2021-08-12,10,control,0,0.9016624,1,dept_220_closure_2021-08-03,2021-08-13,2021-08,1,1,0.0,155328|220|2021-08-03,0.34461959199287817,0.0
162521,220,2021-08-03,2021-08-12,10,control,0,0.8197214,1,dept_220_closure_2021-08-03,2021-08-13,2021-08,1,1,0.2,162521|220|2021-08-03,0.26267859199287824,0.0
162757,220,2021-08-03,2021-08-12,10,control,0,0.9729593,1,dept_220_closure_2021-08-03,2021-08-13,2021-08,1,1,0.1,162757|220|2021-08-03,0.41591649199287817,0.0
166542,220,2021-08-03,2021-08-12,10,control,0,0.95426327,1,dept_220_closure_2021-08-03,2021-08-13,2021-08,1,1,0.0,166542|220|2021-08-03,0.3972204619928782,0.0
166737,220,2021-08-03,2021-08-12,10,control,0,0.16222496,0,dept_220_closure_2021-08-03,2021-08-13,2021-08,1,1,0.0,166737|220|2021-08-03,-0.39481784800712183,0.0
174336,220,2021-08-03,2021-08-12,10,treatment,1,0.2932458,0,dept_220_closure_2021-08-03,2021-08-13,2021-08,1,1,0.0,174336|220|2021-08-03,-0.2637970080071218,0.0
176234,220,2021-08-03,2021-08-12,10,control,0,0.9263101,1,dept_220_closure_2021-08-03,2021-08-13,2021-08,1,1,0.0,176234|220|2021-08-03,0.3692672919928782,0.0
179594,220,2021-08-03,2021-08-12,10,treatment,1,0.05413238,0,dept_220_closure_2021-08-03,2021-08-13,2021-08,1,1,0.0,179594|220|2021-08-03,-0.5029104280071218,0.0
184800,220,2021-08-03,2021-08-12,10,control,0,0.9974446,1,dept_220_closure_2021-08-03,2021-08-13,2021-08,1,1,0.1,184800|220|2021-08-03,0.4404017919928782,0.0
189814,220,2021-08-03,2021-08-12,10,control,0,0.059843604,0,dept_220_closure_2021-08-03,2021-08-13,2021-08,1,1,0.0,189814|220|2021-08-03,-0.4971992040071218,0.0
190996,220,2021-08-03,2021-08-12,10,control,0,0.8810001,1,dept_220_closure_2021-08-03,2021-08-13,2021-08,1,1,0.0,190996|220|2021-08-03,0.32395729199287815,0.0
194191,220,2021-08-03,2021-08-12,10,control,0,0.30868843,0,dept_220_closure_2021-08-03,2021-08-13,2021-08,1,1,0.0,194191|220|2021-08-03,-0.2483543780071218,0.0
202244,220,2021-08-03,2021-08-12,10,control,0,0.83428377,1,dept_220_closure_2021-08-03,2021-08-13,2021-08,1,1,0.2,202244|220|2021-08-03,0.2772409619928782,0.0
202560,220,2021-08-03,2021-08-12,10,treatment,1,0.9616668,1,dept_220_closure_2021-08-03,2021-08-13,2021-08,1,1,0.0,202560|220|2021-08-03,0.40462399199287824,0.0
207962,220,2021-08-03,2021-08-12,10,treatment,1,0.8614124,1,dept_220_closure_2021-08-03,2021-08-13,2021-08,1,1,0.0,207962|220|2021-08-03,0.30436959199287816,0.0
210604,220,2021-08-03,2021-08-12,10,control,0,0.8920983,1,dept_220_closure_2021-08-03,2021-08-13,2021-08,1,1,0.1,210604|220|2021-08-03,0.3350554919928782,0.0
214920,220,2021-08-03,2021-08-12,10,control,0,0.4433202,0,dept_220_closure_2021-08-03,2021-08-13,2021-08,1,1,0.1,214920|220|2021-08-03,-0.1137226080071218,0.0
219215,220,2021-08-03,2021-08-12,10,control,0,0.8967968,1,dept_220_closure_2021-08-03,2021-08-13,2021-08,1,1,0.3,219215|220|2021-08-03,0.33975399199287815,0.0
221195,220,2021-08-03,2021-08-12,10,control,0,0.97777337,1,dept_220_closure_2021-08-03,2021-08-13,2021-08,1,1,0.2,221195|220|2021-08-03,0.42073056199287817,0.0
223082,220,2021-08-03,2021-08-12,10,treatment,1,0.46506345,0,dept_220_closure_2021-08-03,2021-08-13,2021-08,1,1,0.0,223082|220|2021-08-03,-0.09197935800712181,0.0
224191,220,2021-08-03,2021-08-12,10,control,0,0.6114327,1,dept_220_closure_2021-08-03,2021-08-13,2021-08,1,1,0.2,224191|220|2021-08-03,0.05438989199287825,0.0
232180,220,2021-08-03,2021-08-12,10,control,0,0.27316287,0,dept_220_closure_2021-08-03,2021-08-13,2021-08,1,1,0.1,232180|220|2021-08-03,-0.2838799380071218,0.0
232482,220,2021-08-03,2021-08-12,10,control,0,0.65953493,1,dept_220_closure_2021-08-03,2021-08-13,2021-08,1,1,0.0,232482|220|2021-08-03,0.10249212199287816,0.0
233961,220,2021-08-03,2021-08-12,10,control,0,0.98906124,1,dept_220_closure_2021-08-03,2021-08-13,2021-08,1,1,0.6,233961|220|2021-08-03,0.43201843199287815,0.0
238705,220,2021-08-03,2021-08-12,10,control,0,0.04533899,0,dept_220_closure_2021-08-03,2021-08-13,2021-08,1,1,0.0,238705|220|2021-08-03,-0.5117038180071218,0.0
241192,220,2021-08-03,2021-08-12,10,control,0,0.06585475,0,dept_220_closure_2021-08-03,2021-08-13,2021-08,1,1,0.0,241192|220|2021-08-03,-0.4911880580071218,0.0
252968,220,2021-08-03,2021-08-12,10,control,0,0.9948561,1,dept_220_closure_2021-08-03,2021-08-13,2021-08,1,1,0.4,252968|220|2021-08-03,0.4378132919928782,0.0
253375,220,2021-08-03,2021-08-12,10,control,0,0.24600601,0,dept_220_closure_2021-08-03,2021-08-13,2021-08,1,1,0.2,253375|220|2021-08-03,-0.3110367980071218,0.0
254530,220,2021-08-03,2021-08-12,10,treatment,1,0.23038238,0,dept_220_closure_2021-08-03,2021-08-13,2021-08,1,1,0.1,254530|220|2021-08-03,-0.3266604280071218,0.0
259939,220,2021-08-03,2021-08-12,10,control,0,0.47075176,0,dept_220_closure_2021-08-03,2021-08-13,2021-08,1,1,0.4,259939|220|2021-08-03,-0.08629104800712178,0.0
261960,220,2021-08-03,2021-08-12,10,treatment,1,0.9781944,1,dept_220_closure_2021-08-03,2021-08-13,2021-08,1,1,0.4,261960|220|2021-08-03,0.4211515919928782,0.0
261985,220,2021-08-03,2021-08-12,10,control,0,0.31017396,0,dept_220_closure_2021-08-03,2021-08-13,2021-08,1,1,0.1,261985|220|2021-08-03,-0.24686884800712178,0.0
265853,220,2021-08-03,2021-08-12,10,control,0,0.92679673,1,dept_220_closure_2021-08-03,2021-08-13,2021-08,1,1,0.0,265853|220|2021-08-03,0.36975392199287815,0.0
274248,220,2021-08-03,2021-08-12,10,treatment,1,0.4918714,0,dept_220_closure_2021-08-03,2021-08-13,2021-08,1,1,0.0,274248|220|2021-08-03,-0.06517140800712179,0.0
287104,220,2021-08-03,2021-08-12,10,control,0,0.27423355,0,dept_220_closure_2021-08-03,2021-08-13,2021-08,1,1,0.0,287104|220|2021-08-03,-0.2828092580071218,0.0
292145,220,2021-08-03,2021-08-12,10,control,0,0.76648015,1,dept_220_closure_2021-08-03,2021-08-13,2021-08,1,1,0.0,292145|220|2021-08-03,0.20943734199287822,0.0
302251,220,2021-08-03,2021-08-12,10,control,0,0.2580417,0,dept_220_closure_2021-08-03,2021-08-13,2021-08,1,1,0.0,302251|220|2021-08-03,-0.2990011080071218,0.0
317371,220,2021-08-03,2021-08-12,10,control,0,0.22138746,0,dept_220_closure_2021-08-03,2021-08-13,2021-08,1,1,0.1,317371|220|2021-08-03,-0.3356553480071218,0.0
317871,220,2021-08-03,2021-08-12,10,control,0,0.45620897,0,dept_220_closure_2021-08-03,2021-08-13,2021-08,1,1,0.0,317871|220|2021-08-03,-0.10083383800712181,0.0
319376,220,2021-08-03,2021-08-12,10,control,0,0.95774853,1,dept_220_closure_2021-08-03,2021-08-13,2021-08,1,1,0.2,319376|220|2021-08-03,0.40070572199287824,0.0
319608,220,2021-08-03,2021-08-12,10,treatment,1,0.4053265,0,dept_220_closure_2021-08-03,2021-08-13,2021-08,1,1,0.1,319608|220|2021-08-03,-0.15171630800712183,0.0
334945,220,2021-08-03,2021-08-12,10,treatment,1,0.5878053,1,dept_220_closure_2021-08-03,2021-08-13,2021-08,1,1,0.0,334945|220|2021-08-03,0.03076249199287817,0.0
335249,220,2021-08-03,2021-08-12,10,control,0,0.4225874,0,dept_220_closure_2021-08-03,2021-08-13,2021-08,1,1,0.1,335249|220|2021-08-03,-0.1344554080071218,0.0
335513,220,2021-08-03,2021-08-12,10,control,0,0.4120218,0,dept_220_closure_2021-08-03,2021-08-13,2021-08,1,1,0.0,335513|220|2021-08-03,-0.1450210080071218,0.0
337743,220,2021-08-03,2021-08-12,10,control,0,0.8586401,1,dept_220_closure_2021-08-03,2021-08-13,2021-08,1,1,0.1,337743|220|2021-08-03,0.3015972919928782,0.0
338795,220,2021-08-03,2021-08-12,10,control,0,0.9937735,1,dept_220_closure_2021-08-03,2021-08-13,2021-08,1,1,0.2,338795|220|2021-08-03,0.4367306919928782,0.0
345461,220,2021-08-03,2021-08-12,10,treatment,1,0.0542239,0,dept_220_closure_2021-08-03,2021-08-13,2021-08,1,1,0.2,345461|220|2021-08-03,-0.5028189080071218,0.0
350030,220,2021-08-03,2021-08-12,10,control,0,0.90700144,1,dept_220_closure_2021-08-03,2021-08-13,2021-08,1,1,0.1,350030|220|2021-08-03,0.34995863199287824,0.0
356190,220,2021-08-03,2021-08-12,10,control,0,0.13850394,0,dept_220_closure_2021-08-03,2021-08-13,2021-08,1,1,0.0,356190|220|2021-08-03,-0.4185388680071218,0.0
357456,220,2021-08-03,2021-08-12,10,control,0,0.78338975,1,dept_220_closure_2021-08-03,2021-08-13,2021-08,1,1,0.4,357456|220|2021-08-03,0.2263469419928782,0.0
357613,220,2021-08-03,2021-08-12,10,control,0,0.9373738,1,dept_220_closure_2021-08-03,2021-08-13,2021-08,1,1,0.0,357613|220|2021-08-03,0.38033099199287823,0.0
360045,220,2021-08-03,2021-08-12,10,treatment,1,0.58792037,1,dept_220_closure_2021-08-03,2021-08-13,2021-08,1,1,0.0,360045|220|2021-08-03,0.030877561992878166,0.0
360085,220,2021-08-03,2021-08-12,10,control,0,0.89641386,1,dept_220_closure_2021-08-03,2021-08-13,2021-08,1,1,0.1,360085|220|2021-08-03,0.3393710519928782,0.0
360570,220,2021-08-03,2021-08-12,10,control,0,0.35502094,0,dept_220_closure_2021-08-03,2021-08-13,2021-08,1,1,0.0,360570|220|2021-08-03,-0.2020218680071218,0.0
362057,220,2021-08-03,2021-08-12,10,treatment,1,0.4735397,0,dept_220_closure_2021-08-03,2021-08-13,2021-08,1,1,0.1,362057|220|2021-08-03,-0.0835031080071218,0.0
371176,220,2021-08-03,2021-08-12,10,treatment,1,0.9067194,1,dept_220_closure_2021-08-03,2021-08-13,2021-08,1,1,0.2,371176|220|2021-08-03,0.34967659199287815,0.0
374602,220,2021-08-03,2021-08-12,10,control,0,0.4016674,0,dept_220_closure_2021-08-03,2021-08-13,2021-08,1,1,0.1,374602|220|2021-08-03,-0.1553754080071218,0.0
381960,220,2021-08-03,2021-08-12,10,treatment,1,0.039908174,0,dept_220_closure_2021-08-03,2021-08-13,2021-08,1,1,0.0,381960|220|2021-08-03,-0.5171346340071218,0.0
384508,220,2021-08-03,2021-08-12,10,treatment,1,0.69718236,1,dept_220_closure_2021-08-03,2021-08-13,2021-08,1,1,0.0,384508|220|2021-08-03,0.1401395519928782,0.0
385671,220,2021-08-03,2021-08-12,10,control,0,0.19298424,0,dept_220_closure_2021-08-03,2021-08-13,2021-08,1,1,0.3,385671|220|2021-08-03,-0.3640585680071218,0.0
397196,220,2021-08-03,2021-08-12,10,control,0,0.8233075,1,dept_220_closure_2021-08-03,2021-08-13,2021-08,1,1,0.0,397196|220|2021-08-03,0.26626469199287817,0.0
403529,220,2021-08-03,2021-08-12,10,control,0,0.062160205,0,dept_220_closure_2021-08-03,2021-08-13,2021-08,1,1,0.0,403529|220|2021-08-03,-0.4948826030071218,0.0
417937,220,2021-08-03,2021-08-12,10,control,0,0.90263176,1,dept_220_closure_2021-08-03,2021-08-13,2021-08,1,1,0.0,417937|220|2021-08-03,0.3455889519928782,0.0
422949,220,2021-08-03,2021-08-12,10,treatment,1,0.9957481,1,dept_220_closure_2021-08-03,2021-08-13,2021-08,1,1,0.0,422949|220|2021-08-03,0.4387052919928782,0.0
424633,220,2021-08-03,2021-08-12,10,control,0,0.7512995,1,dept_220_closure_2021-08-03,2021-08-13,2021-08,1,1,0.1,424633|220|2021-08-03,0.1942566919928782,0.0
428538,220,2021-08-03,2021-08-12,10,control,0,0.12690122,0,dept_220_closure_2021-08-03,2021-08-13,2021-08,1,1,0.1,428538|220|2021-08-03,-0.43014158800712177,0.0
429640,220,2021-08-03,2021-08-12,10,control,0,0.26543924,0,dept_220_closure_2021-08-03,2021-08-13,2021-08,1,1,0.2,429640|220|2021-08-03,-0.2916035680071218,0.0
431709,220,2021-08-03,2021-08-12,10,treatment,1,0.92964554,1,dept_220_closure_2021-08-03,2021-08-13,2021-08,1,1,0.6,431709|220|2021-08-03,0.3726027319928782,0.0
432375,220,2021-08-03,2021-08-12,10,control,0,0.8272747,1,dept_220_closure_2021-08-03,2021-08-13,2021-08,1,1,0.4,432375|220|2021-08-03,0.2702318919928782,0.0
433153,220,2021-08-03,2021-08-12,10,control,0,0.07279754,0,dept_220_closure_2021-08-03,2021-08-13,2021-08,1,1,0.0,433153|220|2021-08-03,-0.4842452680071218,0.0
433787,220,2021-08-03,2021-08-12,10,control,0,0.34721175,0,dept_220_closure_2021-08-03,2021-08-13,2021-08,1,1,0.0,433787|220|2021-08-03,-0.20983105800712182,0.0
434053,220,2021-08-03,2021-08-12,10,control,0,0.82605904,1,dept_220_closure_2021-08-03,2021-08-13,2021-08,1,1,0.3,434053|220|2021-08-03,0.26901623199287816,0.0
436364,220,2021-08-03,2021-08-12,10,control,0,0.6788204,1,dept_220_closure_2021-08-03,2021-08-13,2021-08,1,1,0.0,436364|220|2021-08-03,0.12177759199287819,0.0
436873,220,2021-08-03,2021-08-12,10,control,0,0.8873911,1,dept_220_closure_2021-08-03,2021-08-13,2021-08,1,1,0.4,436873|220|2021-08-03,0.3303482919928782,0.0
440861,220,2021-08-03,2021-08-12,10,treatment,1,0.9101921,1,dept_220_closure_2021-08-03,2021-08-13,2021-08,1,1,0.1,440861|220|2021-08-03,0.35314929199287814,0.0
445306,220,2021-08-03,2021-08-12,10,control,0,0.7364632,1,dept_220_closure_2021-08-03,2021-08-13,2021-08,1,1,0.0,445306|220|2021-08-03,0.17942039199287818,0.0
457153,220,2021-08-03,2021-08-12,10,control,0,0.6513767,1,dept_220_closure_2021-08-03,2021-08-13,2021-08,1,1,0.1,457153|220|2021-08-03,0.09433389199287823,0.0
458678,220,2021-08-03,2021-08-12,10,control,0,0.9679595,1,dept_220_closure_2021-08-03,2021-08-13,2021-08,1,1,0.1,458678|220|2021-08-03,0.41091669199287817,0.0
462623,220,2021-08-03,2021-08-12,10,control,0,0.71561825,1,dept_220_closure_2021-08-03,2021-08-13,2021-08,1,1,0.0,462623|220|2021-08-03,0.1585754419928782,0.0
463543,220,2021-08-03,2021-08-12,10,treatment,1,0.42845714,0,dept_220_closure_2021-08-03,2021-08-13,2021-08,1,1,0.0,463543|220|2021-08-03,-0.1285856680071218,0.0
468387,220,2021-08-03,2021-08-12,10,control,0,0.90267795,1,dept_220_closure_2021-08-03,2021-08-13,2021-08,1,1,0.1,468387|220|2021-08-03,0.34563514199287815,0.0
471787,220,2021-08-03,2021-08-12,10,control,0,0.048266232,0,dept_220_closure_2021-08-03,2021-08-13,2021-08,1,1,0.0,471787|220|2021-08-03,-0.5087765760071218,0.0
475960,220,2021-08-03,2021-08-12,10,control,0,0.6447962,1,dept_220_closure_2021-08-03,2021-08-13,2021-08,1,1,0.0,475960|220|2021-08-03,0.08775339199287824,0.0
476341,220,2021-08-03,2021-08-12,10,treatment,1,0.1357723,0,dept_220_closure_2021-08-03,2021-08-13,2021-08,1,1,0.0,476341|220|2021-08-03,-0.4212705080071218,0.0
477134,220,2021-08-03,2021-08-12,10,control,0,0.95969844,1,dept_220_closure_2021-08-03,2021-08-13,2021-08,1,1,0.0,477134|220|2021-08-03,0.40265563199287824,0.0
479735,220,2021-08-03,2021-08-12,10,control,0,0.5824613,1,dept_220_closure_2021-08-03,2021-08-13,2021-08,1,1,0.1,479735|220|2021-08-03,0.025418491992878156,0.0
481308,220,2021-08-03,2021-08-12,10,control,0,0.68106776,1,dept_220_closure_2021-08-03,2021-08-13,2021-08,1,1,0.2,481308|220|2021-08-03,0.12402495199287822,0.0
486671,220,2021-08-03,2021-08-12,10,control,0,0.5864995,1,dept_220_closure_2021-08-03,2021-08-13,2021-08,1,1,0.0,486671|220|2021-08-03,0.029456691992878148,0.0
488919,220,2021-08-03,2021-08-12,10,control,0,0.4381174,0,dept_220_closure_2021-08-03,2021-08-13,2021-08,1,1,0.0,488919|220|2021-08-03,-0.11892540800712181,0.0
492075,220,2021-08-03,2021-08-12,10,control,0,0.9271823,1,dept_220_closure_2021-08-03,2021-08-13,2021-08,1,1,0.2,492075|220|2021-08-03,0.3701394919928782,0.0
492311,220,2021-08-03,2021-08-12,10,treatment,1,0.8732381,1,dept_220_closure_2021-08-03,2021-08-13,2021-08,1,1,0.9,492311|220|2021-08-03,0.3161952919928782,0.0
495931,220,2021-08-03,2021-08-12,10,treatment,1,0.40785658,0,dept_220_closure_2021-08-03,2021-08-13,2021-08,1,1,0.0,495931|220|2021-08-03,-0.14918622800712178,0.0
501602,220,2021-08-03,2021-08-12,10,control,0,0.5941352,1,dept_220_closure_2021-08-03,2021-08-13,2021-08,1,1,0.0,501602|220|2021-08-03,0.03709239199287817,0.0
504127,220,2021-08-03,2021-08-12,10,control,0,0.9050062,1,dept_220_closure_2021-08-03,2021-08-13,2021-08,1,1,0.2,504127|220|2021-08-03,0.3479633919928782,0.0
504664,220,2021-08-03,2021-08-12,10,control,0,0.9688029,1,dept_220_closure_2021-08-03,2021-08-13,2021-08,1,1,0.3,504664|220|2021-08-03,0.4117600919928782,0.0
509412,220,2021-08-03,2021-08-12,10,control,0,0.28112924,0,dept_220_closure_2021-08-03,2021-08-13,2021-08,1,1,0.1,509412|220|2021-08-03,-0.2759135680071218,0.0
511846,220,2021-08-03,2021-08-12,10,treatment,1,0.45164326,0,dept_220_closure_2021-08-03,2021-08-13,2021-08,1,1,0.0,511846|220|2021-08-03,-0.10539954800712181,0.0
519212,220,2021-08-03,2021-08-12,10,control,0,0.60214114,1,dept_220_closure_2021-08-03,2021-08-13,2021-08,1,1,0.3,519212|220|2021-08-03,0.04509833199287816,0.0
519716,220,2021-08-03,2021-08-12,10,control,0,0.07959384,0,dept_220_closure_2021-08-03,2021-08-13,2021-08,1,1,0.1,519716|220|2021-08-03,-0.4774489680071218,0.0
520522,220,2021-08-03,2021-08-12,10,control,0,0.9624706,1,dept_220_closure_2021-08-03,2021-08-13,2021-08,1,1,0.5,520522|220|2021-08-03,0.40542779199287815,0.0
527803,220,2021-08-03,2021-08-12,10,treatment,1,0.3117785,0,dept_220_closure_2021-08-03,2021-08-13,2021-08,1,1,0.0,527803|220|2021-08-03,-0.2452643080071218,0.0
530312,220,2021-08-03,2021-08-12,10,control,0,0.14991029,0,dept_220_closure_2021-08-03,2021-08-13,2021-08,1,1,0.0,530312|220|2021-08-03,-0.4071325180071218,0.0
531841,220,2021-08-03,2021-08-12,10,control,0,0.6631696,1,dept_220_closure_2021-08-03,2021-08-13,2021-08,1,1,0.0,531841|220|2021-08-03,0.10612679199287822,0.0
532786,220,2021-08-03,2021-08-12,10,control,0,0.019069033,0,dept_220_closure_2021-08-03,2021-08-13,2021-08,1,1,0.0,532786|220|2021-08-03,-0.5379737750071218,0.0
533118,220,2021-08-03,2021-08-12,10,control,0,0.697361,1,dept_220_closure_2021-08-03,2021-08-13,2021-08,1,1,0.0,533118|220|2021-08-03,0.1403181919928782,0.0
534055,220,2021-08-03,2021-08-12,10,control,0,0.037115213,0,dept_220_closure_2021-08-03,2021-08-13,2021-08,1,1,0.0,534055|220|2021-08-03,-0.5199275950071218,0.0
535979,220,2021-08-03,2021-08-12,10,control,0,0.064983964,0,dept_220_closure_2021-08-03,2021-08-13,2021-08,1,1,0.0,535979|220|2021-08-03,-0.4920588440071218,0.0
537919,220,2021-08-03,2021-08-12,10,control,0,0.14843774,0,dept_220_closure_2021-08-03,2021-08-13,2021-08,1,1,0.0,537919|220|2021-08-03,-0.4086050680071218,0.0
541669,220,2021-08-03,2021-08-12,10,control,0,0.51479125,1,dept_220_closure_2021-08-03,2021-08-13,2021-08,1,1,0.0,541669|220|2021-08-03,-0.04225155800712177,0.0
545342,220,2021-08-03,2021-08-12,10,control,0,0.9634323,1,dept_220_closure_2021-08-03,2021-08-13,2021-08,1,1,0.0,545342|220|2021-08-03,0.4063894919928782,0.0
548177,220,2021-08-03,2021-08-12,10,control,0,0.13166462,0,dept_220_closure_2021-08-03,2021-08-13,2021-08,1,1,0.0,548177|220|2021-08-03,-0.4253781880071218,0.0
548341,220,2021-08-03,2021-08-12,10,control,0,0.48975724,0,dept_220_closure_2021-08-03,2021-08-13,2021-08,1,1,0.0,548341|220|2021-08-03,-0.06728556800712182,0.0
555873,220,2021-08-03,2021-08-12,10,treatment,1,0.71792585,1,dept_220_closure_2021-08-03,2021-08-13,2021-08,1,1,0.0,555873|220|2021-08-03,0.16088304199287817,0.0
561226,220,2021-08-03,2021-08-12,10,control,0,0.046166904,0,dept_220_closure_2021-08-03,2021-08-13,2021-08,1,1,0.0,561226|220|2021-08-03,-0.5108759040071218,0.0
561912,220,2021-08-03,2021-08-12,10,treatment,1,0.41443643,0,dept_220_closure_2021-08-03,2021-08-13,2021-08,1,1,0.3,561912|220|2021-08-03,-0.14260637800712178,0.0
563056,220,2021-08-03,2021-08-12,10,treatment,1,0.75777537,1,dept_220_closure_2021-08-03,2021-08-13,2021-08,1,1,0.1,563056|220|2021-08-03,0.20073256199287814,0.0
579263,220,2021-08-03,2021-08-12,10,control,0,0.17402212,0,dept_220_closure_2021-08-03,2021-08-13,2021-08,1,1,0.2,579263|220|2021-08-03,-0.3830206880071218,0.0
580303,220,2021-08-03,2021-08-12,10,control,0,0.4020904,0,dept_220_closure_2021-08-03,2021-08-13,2021-08,1,1,0.0,580303|220|2021-08-03,-0.1549524080071218,0.0
582585,220,2021-08-03,2021-08-12,10,control,0,0.10275304,0,dept_220_closure_2021-08-03,2021-08-13,2021-08,1,1,0.2,582585|220|2021-08-03,-0.4542897680071218,0.0
584099,220,2021-08-03,2021-08-12,10,control,0,0.8001846,1,dept_220_closure_2021-08-03,2021-08-13,2021-08,1,1,0.2,584099|220|2021-08-03,0.24314179199287822,0.0
584992,220,2021-08-03,2021-08-12,10,control,0,0.5387859,1,dept_220_closure_2021-08-03,2021-08-13,2021-08,1,1,0.1,584992|220|2021-08-03,-0.018256908007121764,0.0
592364,220,2021-08-03,2021-08-12,10,treatment,1,0.49165583,0,dept_220_closure_2021-08-03,2021-08-13,2021-08,1,1,0.2,592364|220|2021-08-03,-0.06538697800712179,0.0
592536,220,2021-08-03,2021-08-12,10,control,0,0.84302837,1,dept_220_closure_2021-08-03,2021-08-13,2021-08,1,1,0.7,592536|220|2021-08-03,0.28598556199287817,0.0
593388,220,2021-08-03,2021-08-12,10,control,0,0.7095664,1,dept_220_closure_2021-08-03,2021-08-13,2021-08,1,1,0.3,593388|220|2021-08-03,0.15252359199287824,0.0
595698,220,2021-08-03,2021-08-12,10,control,0,0.36557588,0,dept_220_closure_2021-08-03,2021-08-13,2021-08,1,1,0.2,595698|220|2021-08-03,-0.19146692800712178,0.0
596070,220,2021-08-03,2021-08-12,10,control,0,0.09212437,0,dept_220_closure_2021-08-03,2021-08-13,2021-08,1,1,0.0,596070|220|2021-08-03,-0.4649184380071218,0.0
598174,220,2021-08-03,2021-08-12,10,control,0,0.49036124,0,dept_220_closure_2021-08-03,2021-08-13,2021-08,1,1,0.0,598174|220|2021-08-03,-0.06668156800712183,0.0
603054,220,2021-08-03,2021-08-12,10,control,0,0.9956852,1,dept_220_closure_2021-08-03,2021-08-13,2021-08,1,1,0.1,603054|220|2021-08-03,0.43864239199287824,0.0
605931,220,2021-08-03,2021-08-12,10,control,0,0.9996991,1,dept_220_closure_2021-08-03,2021-08-13,2021-08,1,1,0.4,605931|220|2021-08-03,0.44265629199287815,0.0
606482,220,2021-08-03,2021-08-12,10,treatment,1,0.36757112,0,dept_220_closure_2021-08-03,2021-08-13,2021-08,1,1,0.6,606482|220|2021-08-03,-0.18947168800712183,0.0
607168,220,2021-08-03,2021-08-12,10,control,0,0.49183258,0,dept_220_closure_2021-08-03,2021-08-13,2021-08,1,1,0.0,607168|220|2021-08-03,-0.06521022800712178,0.0
613739,220,2021-08-03,2021-08-12,10,treatment,1,0.50467885,1,dept_220_closure_2021-08-03,2021-08-13,2021-08,1,1,0.0,613739|220|2021-08-03,-0.05236395800712179,0.0
616335,220,2021-08-03,2021-08-12,10,control,0,0.31117782,0,dept_220_closure_2021-08-03,2021-08-13,2021-08,1,1,0.0,616335|220|2021-08-03,-0.2458649880071218,0.0
618332,220,2021-08-03,2021-08-12,10,treatment,1,0.019330729,0,dept_220_closure_2021-08-03,2021-08-13,2021-08,1,1,0.1,618332|220|2021-08-03,-0.5377120790071218,0.0
621771,220,2021-08-03,2021-08-12,10,control,0,0.4136609,0,dept_220_closure_2021-08-03,2021-08-13,2021-08,1,1,0.5,621771|220|2021-08-03,-0.1433819080071218,0.0
622152,220,2021-08-03,2021-08-12,10,control,0,0.6173542,1,dept_220_closure_2021-08-03,2021-08-13,2021-08,1,1,0.2,622152|220|2021-08-03,0.06031139199287816,0.0
622795,220,2021-08-03,2021-08-12,10,control,0,0.9867932,1,dept_220_closure_2021-08-03,2021-08-13,2021-08,1,1,0.9,622795|220|2021-08-03,0.42975039199287823,0.0
622916,220,2021-08-03,2021-08-12,10,control,0,0.9560178,1,dept_220_closure_2021-08-03,2021-08-13,2021-08,1,1,0.2,622916|220|2021-08-03,0.3989749919928782,0.0
633435,220,2021-08-03,2021-08-12,10,control,0,0.72169435,1,dept_220_closure_2021-08-03,2021-08-13,2021-08,1,1,0.2,633435|220|2021-08-03,0.16465154199287824,0.0
633863,220,2021-08-03,2021-08-12,10,treatment,1,0.3031388,0,dept_220_closure_2021-08-03,2021-08-13,2021-08,1,1,0.1,633863|220|2021-08-03,-0.2539040080071218,0.0
636777,220,2021-08-03,2021-08-12,10,treatment,1,0.27983367,0,dept_220_closure_2021-08-03,2021-08-13,2021-08,1,1,0.0,636777|220|2021-08-03,-0.2772091380071218,0.0
641521,220,2021-08-03,2021-08-12,10,control,0,0.054567035,0,dept_220_closure_2021-08-03,2021-08-13,2021-08,1,1,0.0,641521|220|2021-08-03,-0.5024757730071218,0.0
648349,220,2021-08-03,2021-08-12,10,treatment,1,0.22165641,0,dept_220_closure_2021-08-03,2021-08-13,2021-08,1,1,0.1,648349|220|2021-08-03,-0.3353863980071218,0.0
652831,220,2021-08-03,2021-08-12,10,control,0,0.75981694,1,dept_220_closure_2021-08-03,2021-08-13,2021-08,1,1,0.0,652831|220|2021-08-03,0.2027741319928782,0.0
657203,220,2021-08-03,2021-08-12,10,control,0,0.43077397,0,dept_220_closure_2021-08-03,2021-08-13,2021-08,1,1,0.1,657203|220|2021-08-03,-0.1262688380071218,0.0
658373,220,2021-08-03,2021-08-12,10,control,0,0.5310669,1,dept_220_closure_2021-08-03,2021-08-13,2021-08,1,1,0.0,658373|220|2021-08-03,-0.025975908007121795,0.0
663057,220,2021-08-03,2021-08-12,10,control,0,0.60450864,1,dept_220_closure_2021-08-03,2021-08-13,2021-08,1,1,0.0,663057|220|2021-08-03,0.04746583199287824,0.0
663066,220,2021-08-03,2021-08-12,10,control,0,0.8395316,1,dept_220_closure_2021-08-03,2021-08-13,2021-08,1,1,0.1,663066|220|2021-08-03,0.28248879199287824,0.0
663732,220,2021-08-03,2021-08-12,10,treatment,1,0.9699985,1,dept_220_closure_2021-08-03,2021-08-13,2021-08,1,1,0.2,663732|220|2021-08-03,0.4129556919928782,0.0
665679,220,2021-08-03,2021-08-12,10,control,0,0.8064501,1,dept_220_closure_2021-08-03,2021-08-13,2021-08,1,1,0.2,665679|220|2021-08-03,0.24940729199287814,0.0
667672,220,2021-08-03,2021-08-12,10,control,0,0.20532988,0,dept_220_closure_2021-08-03,2021-08-13,2021-08,1,1,0.0,667672|220|2021-08-03,-0.35171292800712184,0.0
669961,220,2021-08-03,2021-08-12,10,control,0,0.926563,1,dept_220_closure_2021-08-03,2021-08-13,2021-08,1,1,0.1,669961|220|2021-08-03,0.3695201919928782,0.0
670369,220,2021-08-03,2021-08-12,10,treatment,1,0.3994965,0,dept_220_closure_2021-08-03,2021-08-13,2021-08,1,1,0.0,670369|220|2021-08-03,-0.15754630800712183,0.0
670865,220,2021-08-03,2021-08-12,10,control,0,0.99718827,1,dept_220_closure_2021-08-03,2021-08-13,2021-08,1,1,0.5,670865|220|2021-08-03,0.4401454619928782,0.0
676041,220,2021-08-03,2021-08-12,10,control,0,0.7736071,1,dept_220_closure_2021-08-03,2021-08-13,2021-08,1,1,0.1,676041|220|2021-08-03,0.2165642919928782,0.0
677500,220,2021-08-03,2021-08-12,10,control,0,0.098479375,0,dept_220_closure_2021-08-03,2021-08-13,2021-08,1,1,0.0,677500|220|2021-08-03,-0.4585634330071218,0.0
691147,220,2021-08-03,2021-08-12,10,treatment,1,0.46282363,0,dept_220_closure_2021-08-03,2021-08-13,2021-08,1,1,0.2,691147|220|2021-08-03,-0.09421917800712182,0.0
691797,220,2021-08-03,2021-08-12,10,control,0,0.32696694,0,dept_220_closure_2021-08-03,2021-08-13,2021-08,1,1,0.1,691797|220|2021-08-03,-0.23007586800712182,0.0
692652,220,2021-08-03,2021-08-12,10,control,0,0.87179786,1,dept_220_closure_2021-08-03,2021-08-13,2021-08,1,1,0.1,692652|220|2021-08-03,0.31475505199287823,0.0
694251,220,2021-08-03,2021-08-12,10,control,0,0.42500657,0,dept_220_closure_2021-08-03,2021-08-13,2021-08,1,1,0.1,694251|220|2021-08-03,-0.13203623800712183,0.0
694414,220,2021-08-03,2021-08-12,10,control,0,0.048599984,0,dept_220_closure_2021-08-03,2021-08-13,2021-08,1,1,0.0,694414|220|2021-08-03,-0.5084428240071218,0.0
700923,220,2021-08-03,2021-08-12,10,control,0,0.9335948,1,dept_220_closure_2021-08-03,2021-08-13,2021-08,1,1,0.2,700923|220|2021-08-03,0.37655199199287814,0.0
704777,220,2021-08-03,2021-08-12,10,control,0,0.15188497,0,dept_220_closure_2021-08-03,2021-08-13,2021-08,1,1,0.0,704777|220|2021-08-03,-0.4051578380071218,0.0
712663,220,2021-08-03,2021-08-12,10,control,0,0.061575986,0,dept_220_closure_2021-08-03,2021-08-13,2021-08,1,1,0.0,712663|220|2021-08-03,-0.4954668220071218,0.0
714404,220,2021-08-03,2021-08-12,10,control,0,0.8082515,1,dept_220_closure_2021-08-03,2021-08-13,2021-08,1,1,0.0,714404|220|2021-08-03,0.2512086919928782,0.0
720117,220,2021-08-03,2021-08-12,10,control,0,0.90729785,1,dept_220_closure_2021-08-03,2021-08-13,2021-08,1,1,0.2,720117|220|2021-08-03,0.35025504199287816,0.0
721592,220,2021-08-03,2021-08-12,10,control,0,0.87604505,1,dept_220_closure_2021-08-03,2021-08-13,2021-08,1,1,0.0,721592|220|2021-08-03,0.3190022419928782,0.0
721824,220,2021-08-03,2021-08-12,10,control,0,0.8481686,1,dept_220_closure_2021-08-03,2021-08-13,2021-08,1,1,0.5,721824|220|2021-08-03,0.29112579199287825,0.0
722428,220,2021-08-03,2021-08-12,10,control,0,0.821117,1,dept_220_closure_2021-08-03,2021-08-13,2021-08,1,1,0.3,722428|220|2021-08-03,0.2640741919928782,0.0
724234,220,2021-08-03,2021-08-12,10,control,0,0.99055606,1,dept_220_closure_2021-08-03,2021-08-13,2021-08,1,1,0.0,724234|220|2021-08-03,0.43351325199287816,0.0
724558,220,2021-08-03,2021-08-12,10,control,0,0.40526575,0,dept_220_closure_2021-08-03,2021-08-13,2021-08,1,1,0.0,724558|220|2021-08-03,-0.15177705800712182,0.0
725324,220,2021-08-03,2021-08-12,10,control,0,0.86215025,1,dept_220_closure_2021-08-03,2021-08-13,2021-08,1,1,0.2,725324|220|2021-08-03,0.3051074419928782,0.0
725925,220,2021-08-03,2021-08-12,10,control,0,0.49072844,0,dept_220_closure_2021-08-03,2021-08-13,2021-08,1,1,0.2,725925|220|2021-08-03,-0.06631436800712182,0.0
726993,220,2021-08-03,2021-08-12,10,control,0,0.99766785,1,dept_220_closure_2021-08-03,2021-08-13,2021-08,1,1,0.6,726993|220|2021-08-03,0.4406250419928782,0.0
729196,220,2021-08-03,2021-08-12,10,treatment,1,0.929942,1,dept_220_closure_2021-08-03,2021-08-13,2021-08,1,1,0.1,729196|220|2021-08-03,0.37289919199287824,0.0
731934,220,2021-08-03,2021-08-12,10,control,0,0.99906045,1,dept_220_closure_2021-08-03,2021-08-13,2021-08,1,1,0.1,731934|220|2021-08-03,0.4420176419928782,0.0
748725,220,2021-08-03,2021-08-12,10,control,0,0.2019261,0,dept_220_closure_2021-08-03,2021-08-13,2021-08,1,1,0.3,748725|220|2021-08-03,-0.3551167080071218,0.0
751636,220,2021-08-03,2021-08-12,10,treatment,1,0.059402533,0,dept_220_closure_2021-08-03,2021-08-13,2021-08,1,1,0.0,751636|220|2021-08-03,-0.4976402750071218,0.0
754961,220,2021-08-03,2021-08-12,10,control,0,0.13207665,0,dept_220_closure_2021-08-03,2021-08-13,2021-08,1,1,0.2,754961|220|2021-08-03,-0.4249661580071218,0.0
757622,220,2021-08-03,2021-08-12,10,control,0,0.5395092,1,dept_220_closure_2021-08-03,2021-08-13,2021-08,1,1,0.2,757622|220|2021-08-03,-0.01753360800712178,0.0
759123,220,2021-08-03,2021-08-12,10,control,0,0.13356008,0,dept_220_closure_2021-08-03,2021-08-13,2021-08,1,1,0.3,759123|220|2021-08-03,-0.42348272800712183,0.0
761910,220,2021-08-03,2021-08-12,10,control,0,0.60838103,1,dept_220_closure_2021-08-03,2021-08-13,2021-08,1,1,0.1,761910|220|2021-08-03,0.051338221992878186,0.0
766084,220,2021-08-03,2021-08-12,10,treatment,1,0.13860422,0,dept_220_closure_2021-08-03,2021-08-13,2021-08,1,1,0.2,766084|220|2021-08-03,-0.4184385880071218,0.0
771961,220,2021-08-03,2021-08-12,10,control,0,0.714365,1,dept_220_closure_2021-08-03,2021-08-13,2021-08,1,1,0.0,771961|220|2021-08-03,0.15732219199287822,0.0
772243,220,2021-08-03,2021-08-12,10,control,0,0.92637795,1,dept_220_closure_2021-08-03,2021-08-13,2021-08,1,1,0.5,772243|220|2021-08-03,0.3693351419928782,0.0
772494,220,2021-08-03,2021-08-12,10,control,0,0.14560261,0,dept_220_closure_2021-08-03,2021-08-13,2021-08,1,1,0.0,772494|220|2021-08-03,-0.41144019800712184,0.0
772619,220,2021-08-03,2021-08-12,10,control,0,0.3083188,0,dept_220_closure_2021-08-03,2021-08-13,2021-08,1,1,0.2,772619|220|2021-08-03,-0.2487240080071218,0.0
775445,220,2021-08-03,2021-08-12,10,treatment,1,0.032491747,0,dept_220_closure_2021-08-03,2021-08-13,2021-08,1,1,0.1,775445|220|2021-08-03,-0.5245510610071218,0.0
775631,220,2021-08-03,2021-08-12,10,control,0,0.29018727,0,dept_220_closure_2021-08-03,2021-08-13,2021-08,1,1,0.4,775631|220|2021-08-03,-0.2668555380071218,0.0
775989,220,2021-08-03,2021-08-12,10,control,0,0.19839406,0,dept_220_closure_2021-08-03,2021-08-13,2021-08,1,1,0.1,775989|220|2021-08-03,-0.35864874800712176,0.0
776796,220,2021-08-03,2021-08-12,10,control,0,0.24238765,0,dept_220_closure_2021-08-03,2021-08-13,2021-08,1,1,0.0,776796|220|2021-08-03,-0.3146551580071218,0.0
779717,220,2021-08-03,2021-08-12,10,control,0,0.29862046,0,dept_220_closure_2021-08-03,2021-08-13,2021-08,1,1,0.1,779717|220|2021-08-03,-0.2584223480071218,0.0
781959,220,2021-08-03,2021-08-12,10,control,0,0.98473465,1,dept_220_closure_2021-08-03,2021-08-13,2021-08,1,1,0.1,781959|220|2021-08-03,0.42769184199287824,0.0
785944,220,2021-08-03,2021-08-12,10,control,0,0.6229929,1,dept_220_closure_2021-08-03,2021-08-13,2021-08,1,1,0.0,785944|220|2021-08-03,0.06595009199287816,0.0
786379,220,2021-08-03,2021-08-12,10,treatment,1,0.4860155,0,dept_220_closure_2021-08-03,2021-08-13,2021-08,1,1,0.0,786379|220|2021-08-03,-0.07102730800712181,0.0
786943,220,2021-08-03,2021-08-12,10,control,0,0.7623864,1,dept_220_closure_2021-08-03,2021-08-13,2021-08,1,1,0.3,786943|220|2021-08-03,0.20534359199287822,0.0
791760,220,2021-08-03,2021-08-12,10,control,0,0.13600452,0,dept_220_closure_2021-08-03,2021-08-13,2021-08,1,1,0.0,791760|220|2021-08-03,-0.42103828800712184,0.0
791991,220,2021-08-03,2021-08-12,10,control,0,0.49683842,0,dept_220_closure_2021-08-03,2021-08-13,2021-08,1,1,0.0,791991|220|2021-08-03,-0.0602043880071218,0.0
792110,220,2021-08-03,2021-08-12,10,control,0,0.50916183,1,dept_220_closure_2021-08-03,2021-08-13,2021-08,1,1,0.3,792110|220|2021-08-03,-0.047880978007121766,0.0
792648,220,2021-08-03,2021-08-12,10,control,0,0.1387534,0,dept_220_closure_2021-08-03,2021-08-13,2021-08,1,1,0.2,792648|220|2021-08-03,-0.4182894080071218,0.0
793278,220,2021-08-03,2021-08-12,10,control,0,0.6058644,1,dept_220_closure_2021-08-03,2021-08-13,2021-08,1,1,0.0,793278|220|2021-08-03,0.048821591992878166,0.0
793838,220,2021-08-03,2021-08-12,10,control,0,0.7802267,1,dept_220_closure_2021-08-03,2021-08-13,2021-08,1,1,0.0,793838|220|2021-08-03,0.22318389199287825,0.0
795270,220,2021-08-03,2021-08-12,10,control,0,0.77918214,1,dept_220_closure_2021-08-03,2021-08-13,2021-08,1,1,0.1,795270|220|2021-08-03,0.22213933199287816,0.0
795838,220,2021-08-03,2021-08-12,10,control,0,0.25166476,0,dept_220_closure_2021-08-03,2021-08-13,2021-08,1,1,0.0,795838|220|2021-08-03,-0.3053780480071218,0.0
796817,220,2021-08-03,2021-08-12,10,treatment,1,0.61673903,1,dept_220_closure_2021-08-03,2021-08-13,2021-08,1,1,0.1,796817|220|2021-08-03,0.05969622199287816,0.0
802598,220,2021-08-03,2021-08-12,10,control,0,0.18245369,0,dept_220_closure_2021-08-03,2021-08-13,2021-08,1,1,0.1,802598|220|2021-08-03,-0.3745891180071218,0.0
802789,220,2021-08-03,2021-08-12,10,control,0,0.9350461,1,dept_220_closure_2021-08-03,2021-08-13,2021-08,1,1,0.3,802789|220|2021-08-03,0.3780032919928782,0.0
804492,220,2021-08-03,2021-08-12,10,control,0,0.96350646,1,dept_220_closure_2021-08-03,2021-08-13,2021-08,1,1,0.1,804492|220|2021-08-03,0.40646365199287815,0.0
804676,220,2021-08-03,2021-08-12,10,control,0,0.50349313,1,dept_220_closure_2021-08-03,2021-08-13,2021-08,1,1,0.0,804676|220|2021-08-03,-0.05354967800712185,0.0
805702,220,2021-08-03,2021-08-12,10,control,0,0.07063144,0,dept_220_closure_2021-08-03,2021-08-13,2021-08,1,1,0.0,805702|220|2021-08-03,-0.4864113680071218,0.0
807712,220,2021-08-03,2021-08-12,10,treatment,1,0.20024157,0,dept_220_closure_2021-08-03,2021-08-13,2021-08,1,1,0.0,807712|220|2021-08-03,-0.3568012380071218,0.0
807862,220,2021-08-03,2021-08-12,10,control,0,0.34199652,0,dept_220_closure_2021-08-03,2021-08-13,2021-08,1,1,0.0,807862|220|2021-08-03,-0.21504628800712178,0.0
808436,220,2021-08-03,2021-08-12,10,control,0,0.19627808,0,dept_220_closure_2021-08-03,2021-08-13,2021-08,1,1,0.0,808436|220|2021-08-03,-0.3607647280071218,0.0
