spec,term,coef,se,pvalue,n,r2_within,rel_t,effect,ci_low,ci_high
event_att,rel_t::-4:treated,-0.012568415213828149,0.012652623036406806,0.32055302406645114,95986,0.0003316471153240741,-4,att_or_baseline,-0.03736755636518549,0.012230725937529191
event_att,rel_t::-3:treated,-0.004294243357752218,0.012741344634156493,0.7360958644632811,95986,0.0003316471153240741,-3,att_or_baseline,-0.029267278840698942,0.02067879212519451
event_att,rel_t::-2:treated,-0.024243251412354526,0.01218565633695206,0.04665948981866097,95986,0.0003316471153240741,-2,att_or_baseline,-0.04812713783278057,-0.00035936499192848817
event_att,rel_t::1:treated,0.029980638346196346,0.013095040301290883,0.022061823730813224,95986,0.0003316471153240741,1,att_or_baseline,0.0043143593556662155,0.05564691733672648
event_att,rel_t::2:treated,-0.00867321431707797,0.013361651505931894,0.5162725138399145,95986,0.0003316471153240741,2,att_or_baseline,-0.03486205126870448,0.01751562263454854
event_att,rel_t::3:treated,-0.02648014555618814,0.013371965987660639,0.04768535478302782,95986,0.0003316471153240741,3,att_or_baseline,-0.05268919889200299,-0.0002710922203732896
event_att,rel_t::4:treated,-0.017057377483935647,0.013380273360787374,0.20238816176596575,95986,0.0003316471153240741,4,att_or_baseline,-0.043282713271078896,0.009167958303207605
event_binary_B,rel_t::-4:treated,-0.026170004437148356,0.022782022620242124,0.2506869287571778,95986,0.0013044756110778266,-4,att_or_baseline,-0.07082276877282292,0.018482759898526206
event_binary_B,rel_t::-3:treated,-0.021165641889047036,0.02326831975939687,0.3630258795602188,95986,0.0013044756110778266,-3,att_or_baseline,-0.0667715486174649,0.024440264839370833
event_binary_B,rel_t::-2:treated,-0.0358051391674606,0.02361864343749069,0.129541561457591,95986,0.0013044756110778266,-2,att_or_baseline,-0.08209768030494236,0.010487401970021154
event_binary_B,rel_t::1:treated,0.03932873916546503,0.024001957180641315,0.1013185146317288,95986,0.0013044756110778266,1,att_or_baseline,-0.007715096908591942,0.086372575239522
event_binary_B,rel_t::2:treated,0.016963819559162006,0.0232644586692529,0.46590353791734374,95986,0.0013044756110778266,2,att_or_baseline,-0.028634519432573682,0.0625621585508977
event_binary_B,rel_t::3:treated,-0.015978752042701588,0.02391451112705534,0.5040376559790163,95986,0.0013044756110778266,3,att_or_baseline,-0.06285119385173006,0.030893689766326882
event_binary_B,rel_t::4:treated,0.0045255158734356015,0.024064087759967084,0.8508305954994242,95986,0.0013044756110778266,4,att_or_baseline,-0.042640096136099884,0.05169112788297109
event_binary_B,rel_t::-4:treated_X_disp,0.022456984739101783,0.02717570979192217,0.4086075626424732,95986,0.0013044756110778266,-4,displacement,-0.030807406453065667,0.07572137593126924
event_binary_B,rel_t::-3:treated_X_disp,0.026434504692496818,0.027598033166434076,0.33815395103483015,95986,0.0013044756110778266,-3,displacement,-0.027657640313713972,0.08052664969870761
event_binary_B,rel_t::-2:treated_X_disp,0.015841409181801325,0.027308140854254342,0.5618542307463343,95986,0.0013044756110778266,-2,displacement,-0.03768254689253719,0.06936536525613984
event_binary_B,rel_t::1:treated_X_disp,-0.01499757460510099,0.028425334237400117,0.5977733523938098,95986,0.0013044756110778266,1,displacement,-0.07071122971040522,0.04071608050020324
event_binary_B,rel_t::2:treated_X_disp,-0.041727192730060696,0.028314700437408965,0.1405785023317112,95986,0.0013044756110778266,2,displacement,-0.09722400558738226,0.013769620127260872
event_binary_B,rel_t::3:treated_X_disp,-0.017033453733081808,0.028665671504435452,0.552377227616103,95986,0.0013044756110778266,3,displacement,-0.07321816988177529,0.039151262415611676
event_binary_B,rel_t::4:treated_X_disp,-0.03571496593971273,0.02876964275946734,0.21446708182698826,95986,0.0013044756110778266,4,displacement,-0.09210346574826872,0.020673533868843255
event_binary_B,rel_t::-4:disp_binary,0.03939801014934984,0.011697243412665601,0.000758063756496119,95986,0.0013044756110778266,-4,blocked_control_gap,0.016471413060525266,0.062324607238174415
event_binary_B,rel_t::-3:disp_binary,0.03259627466451067,0.011650138371294149,0.0051476192618680194,95986,0.0013044756110778266,-3,blocked_control_gap,0.009762003456774138,0.0554305458722472
event_binary_B,rel_t::-2:disp_binary,0.01575290085457021,0.012022311173542891,0.19010625927258262,95986,0.0013044756110778266,-2,blocked_control_gap,-0.0078108290455738555,0.039316630754714275
event_binary_B,rel_t::1:disp_binary,0.042294751824910264,0.012418798353647278,0.000661123129176211,95986,0.0013044756110778266,1,blocked_control_gap,0.0179539070517616,0.06663559659805893
event_binary_B,rel_t::2:disp_binary,0.06984293757908029,0.012395280329680104,1.7758332360173767e-08,95986,0.0013044756110778266,2,blocked_control_gap,0.045548188132907286,0.0941376870252533
event_binary_B,rel_t::3:disp_binary,0.06762026591304289,0.012933831349988514,1.7277000785576035e-07,95986,0.0013044756110778266,3,blocked_control_gap,0.042269956467065405,0.09297057535902037
event_binary_B,rel_t::4:disp_binary,0.06625498982544677,0.012762292558837809,2.1051251164472262e-07,95986,0.0013044756110778266,4,blocked_control_gap,0.04124089641012466,0.09126908324076888
event_binary_B_pre_novelty_split,rel_t::-4:treated,0.024794957473417784,0.03243400603907097,0.44459301655796457,95986,0.035127594489592795,-4,att_or_baseline,-0.03877569436316132,0.08836560930999689
event_binary_B_pre_novelty_split,rel_t::-3:treated,0.03942275723353869,0.03342176945416887,0.2381907732645352,95986,0.035127594489592795,-3,att_or_baseline,-0.026083910896632298,0.10492942536370968
event_binary_B_pre_novelty_split,rel_t::-2:treated,-0.01722320447998061,0.03491120316352067,0.6217750674331239,95986,0.035127594489592795,-2,att_or_baseline,-0.08564916268048112,0.051202753720519904
event_binary_B_pre_novelty_split,rel_t::1:treated,0.2995489259582556,0.03211707742869376,0.0,95986,0.035127594489592795,1,att_or_baseline,0.23659945419801584,0.36249839771849535
event_binary_B_pre_novelty_split,rel_t::2:treated,0.27020471514013733,0.03173702086155752,0.0,95986,0.035127594489592795,2,att_or_baseline,0.2080001542514846,0.33240927602879006
event_binary_B_pre_novelty_split,rel_t::3:treated,0.25715428014954206,0.03165684504890188,4.440892098500626e-16,95986,0.035127594489592795,3,att_or_baseline,0.19510686385369438,0.31920169644538976
event_binary_B_pre_novelty_split,rel_t::4:treated,0.27352619678376744,0.03153598365665524,0.0,95986,0.035127594489592795,4,att_or_baseline,0.21171566881672316,0.3353367247508117
event_binary_B_pre_novelty_split,rel_t::-4:treated_X_disp,-0.03452444253259059,0.03766155874099192,0.3593087004005566,95986,0.035127594489592795,-4,displacement,-0.10834109766493474,0.039292212599753566
event_binary_B_pre_novelty_split,rel_t::-3:treated_X_disp,-0.016640673844249772,0.038448899663001995,0.6651645293967428,95986,0.035127594489592795,-3,displacement,-0.09200051718373368,0.05871916949523413
event_binary_B_pre_novelty_split,rel_t::-2:treated_X_disp,8.320749347922248e-05,0.03914595232281278,0.9983040605365019,95986,0.035127594489592795,-2,displacement,-0.07664285905923383,0.07680927404619227
event_binary_B_pre_novelty_split,rel_t::1:treated_X_disp,-0.2678550675905593,0.0372676269967599,6.818989817247711e-13,95986,0.035127594489592795,1,displacement,-0.34089961650420875,-0.1948105186769099
event_binary_B_pre_novelty_split,rel_t::2:treated_X_disp,-0.26902788285261614,0.03729563617921587,5.635492072997295e-13,95986,0.035127594489592795,2,displacement,-0.3421273297638793,-0.19592843594135304
event_binary_B_pre_novelty_split,rel_t::3:treated_X_disp,-0.2807909159821304,0.03705682079142252,3.6637359812630166e-14,95986,0.035127594489592795,3,displacement,-0.35342228473331855,-0.20815954723094227
event_binary_B_pre_novelty_split,rel_t::4:treated_X_disp,-0.29888071440941616,0.03681176426627569,4.440892098500626e-16,95986,0.035127594489592795,4,displacement,-0.3710317723713165,-0.2267296564475158
event_binary_B_pre_novelty_split,rel_t::-4:disp_binary,0.04216701725465492,0.012378638139208717,0.0006593580873215377,95986,0.035127594489592795,-4,blocked_control_gap,0.01790488650180584,0.066429148007504
event_binary_B_pre_novelty_split,rel_t::-3:disp_binary,0.029680640902474936,0.01230218814474577,0.015846018346869828,95986,0.035127594489592795,-3,blocked_control_gap,0.005568352138773228,0.053792929666176645
event_binary_B_pre_novelty_split,rel_t::-2:disp_binary,0.009169982822029342,0.012663965032769208,0.469011812802818,95986,0.035127594489592795,-2,blocked_control_gap,-0.015651388642198304,0.03399135428625699
event_binary_B_pre_novelty_split,rel_t::1:disp_binary,0.12729258241592992,0.012942510428421431,0.0,95986,0.035127594489592795,1,blocked_control_gap,0.10192526197622391,0.1526599028556359
event_binary_B_pre_novelty_split,rel_t::2:disp_binary,0.16891812518663074,0.013033935652217233,0.0,95986,0.035127594489592795,2,blocked_control_gap,0.14337161130828496,0.19446463906497652
event_binary_B_pre_novelty_split,rel_t::3:disp_binary,0.16089126527444342,0.013487645501148792,0.0,95986,0.035127594489592795,3,blocked_control_gap,0.13445548009219177,0.18732705045669507
event_binary_B_pre_novelty_split,rel_t::4:disp_binary,0.14963906683838776,0.013263134308225228,0.0,95986,0.035127594489592795,4,blocked_control_gap,0.12364332359426632,0.1756348100825092
event_binary_D,rel_t::-4:treated,-0.024625260944872825,0.022965889734669974,0.28361791613894693,95986,0.002043377711919425,-4,att_or_baseline,-0.06963840482482597,0.020387882935080325
event_binary_D,rel_t::-3:treated,-0.01475040291607267,0.023606715665974422,0.5320830755424208,95986,0.002043377711919425,-3,att_or_baseline,-0.06101956562138254,0.0315187597892372
event_binary_D,rel_t::-2:treated,-0.03663782628990264,0.024033329386250076,0.12740854245723932,95986,0.002043377711919425,-2,att_or_baseline,-0.08374315188695279,0.010467499307147507
event_binary_D,rel_t::1:treated,0.03727329941477768,0.024673047659229584,0.13088217945163905,95986,0.002043377711919425,1,att_or_baseline,-0.011085873997312305,0.08563247282686767
event_binary_D,rel_t::2:treated,0.018554587481087046,0.023433973926923347,0.4284966685272069,95986,0.002043377711919425,2,att_or_baseline,-0.02737600141568271,0.0644851763778568
event_binary_D,rel_t::3:treated,-0.014926086899358534,0.024139315525989215,0.5363636170993713,95986,0.002043377711919425,3,att_or_baseline,-0.062239145330297396,0.03238697153158032
event_binary_D,rel_t::4:treated,0.0062943962102884055,0.024253191633504596,0.795229882323174,95986,0.002043377711919425,4,att_or_baseline,-0.0412418593913806,0.05383065181195741
event_binary_D,rel_t::-4:treated_X_disp,0.00047039940737877804,0.0290963023513097,0.9871013237592698,95986,0.002043377711919425,-4,displacement,-0.05655835320118823,0.05749915201594579
event_binary_D,rel_t::-3:treated_X_disp,0.001041417590406464,0.029594410566089937,0.9719288191611295,95986,0.002043377711919425,-3,displacement,-0.05696362711912981,0.05904646229994274
event_binary_D,rel_t::-2:treated_X_disp,0.006241439264900909,0.029055330269509037,0.8299157479644439,95986,0.002043377711919425,-2,displacement,-0.050707008063336806,0.06318988659313862
event_binary_D,rel_t::1:treated_X_disp,-0.03482782610936223,0.03119416416573549,0.264226721827151,95986,0.002043377711919425,1,displacement,-0.09596838787420378,0.026312735655479334
event_binary_D,rel_t::2:treated_X_disp,-0.04921561236240776,0.03007018960844108,0.1017094153523388,95986,0.002043377711919425,2,displacement,-0.10815318399495227,0.009721959270136755
event_binary_D,rel_t::3:treated_X_disp,-0.020667896660409933,0.030764950616065163,0.5017180672455033,95986,0.002043377711919425,3,displacement,-0.08096719986789766,0.03963140654707779
event_binary_D,rel_t::4:treated_X_disp,-0.047904596292746564,0.03054492686591879,0.11681806423811092,95986,0.002043377711919425,4,displacement,-0.1077726529499474,0.011963460364454268
event_binary_D,rel_t::-4:disp_binary,0.04043061296452802,0.011773533318350139,0.000595790894263315,95986,0.002043377711919425,-4,blocked_control_gap,0.017354487660561746,0.06350673826849429
event_binary_D,rel_t::-3:disp_binary,0.03496178609587372,0.011705349986826468,0.002822071087983158,95986,0.002043377711919425,-3,blocked_control_gap,0.012019300121693843,0.057904272070053595
event_binary_D,rel_t::-2:disp_binary,0.014651867425882759,0.012085993911899637,0.22541012330452403,95986,0.002043377711919425,-2,blocked_control_gap,-0.009036680641440531,0.03834041549320605
event_binary_D,rel_t::1:disp_binary,0.04319748867488169,0.012527856594377166,0.0005655765462391216,95986,0.002043377711919425,1,blocked_control_gap,0.018642889749902445,0.06775208759986094
event_binary_D,rel_t::2:disp_binary,0.07408463534441444,0.012469468496940925,2.8708249111275563e-09,95986,0.002043377711919425,2,blocked_control_gap,0.04964447709041023,0.09852479359841865
event_binary_D,rel_t::3:disp_binary,0.07009164071044795,0.013031984438903488,7.590852391103908e-08,95986,0.002043377711919425,3,blocked_control_gap,0.04454895121019711,0.09563433021069878
event_binary_D,rel_t::4:disp_binary,0.0702153545399711,0.012846909826543892,4.665305719520063e-08,95986,0.002043377711919425,4,blocked_control_gap,0.04503541127994508,0.09539529779999713
event_binary_D,rel_t::-4:treated_X_len,-0.005858750544732344,0.018811747340124533,0.755468311956093,95986,0.002043377711919425,-4,length_baseline,-0.04272977533137643,0.03101227424191174
event_binary_D,rel_t::-3:treated_X_len,-0.03570218879073528,0.0188079633464626,0.057676504775123316,95986,0.002043377711919425,-3,length_baseline,-0.07256579694980198,0.0011614193683314109
event_binary_D,rel_t::-2:treated_X_len,0.014324223655563665,0.018064225726765918,0.4278092403076488,95986,0.002043377711919425,-2,length_baseline,-0.02108165876889754,0.049730106080024865
event_binary_D,rel_t::1:treated_X_len,0.0032176342154666554,0.019119169192591302,0.8663538483834097,95986,0.002043377711919425,1,length_baseline,-0.0342559374020123,0.04069120583294561
event_binary_D,rel_t::2:treated_X_len,-0.028263792111460857,0.018749123173902704,0.13170397183524218,95986,0.002043377711919425,2,length_baseline,-0.06501207353231016,0.008484489309388443
event_binary_D,rel_t::3:treated_X_len,-0.01880930308511754,0.01893774237243253,0.32061480891868777,95986,0.002043377711919425,3,length_baseline,-0.0559272781350853,0.018308671964850216
event_binary_D,rel_t::4:treated_X_len,-0.04570620954198991,0.02026063256742564,0.02408596401983165,95986,0.002043377711919425,4,length_baseline,-0.08541704937414415,-0.005995369709835656
event_binary_D,rel_t::-4:disp_X_len,2.1362888913468363e-05,0.0077489279583552746,0.9978003534339277,95986,0.002043377711919425,-4,length_lower_order,-0.01516653590946287,0.015209261687289805
event_binary_D,rel_t::-3:disp_X_len,-0.005021496481608328,0.00695556053440466,0.47033916560572697,95986,0.002043377711919425,-3,length_lower_order,-0.018654395129041462,0.008611402165824804
event_binary_D,rel_t::-2:disp_X_len,0.007732244344398292,0.005951456720882855,0.1938825559614421,95986,0.002043377711919425,-2,length_lower_order,-0.003932610828532104,0.019397099517328688
event_binary_D,rel_t::1:disp_X_len,-0.005101464956352714,0.006895099491787362,0.4593879051444456,95986,0.002043377711919425,1,length_lower_order,-0.018615859960255943,0.008412930047550515
event_binary_D,rel_t::2:disp_X_len,-0.0214353844322992,0.007402078170822978,0.0037849517423578227,95986,0.002043377711919425,2,length_lower_order,-0.03594345764711224,-0.0069273112174861665
event_binary_D,rel_t::3:disp_X_len,-0.019342311497103293,0.007922246953760141,0.01463351540088631,95986,0.002043377711919425,3,length_lower_order,-0.03486991552647317,-0.0038147074677334167
event_binary_D,rel_t::4:disp_X_len,-0.03795491078010654,0.01021564375829739,0.0002034104846864171,95986,0.002043377711919425,4,length_lower_order,-0.05797757254636943,-0.01793224901384366
event_binary_D,rel_t::-4:tXdXlen,0.030431901055154236,0.02285259675308596,0.18298564606364698,95986,0.002043377711919425,-4,length_displacement,-0.014359188580894248,0.07522299069120272
event_binary_D,rel_t::-3:tXdXlen,0.06194713557447764,0.02286464769763661,0.00674783410044788,95986,0.002043377711919425,-3,length_displacement,0.017132426087109888,0.10676184506184538
event_binary_D,rel_t::-2:tXdXlen,-0.00716292872117992,0.02165156039609782,0.7407780575519407,95986,0.002043377711919425,-2,length_displacement,-0.04959998709753165,0.03527412965517181
event_binary_D,rel_t::1:tXdXlen,0.020615947460367063,0.0235512132693656,0.3813840361558398,95986,0.002043377711919425,1,length_displacement,-0.025544430547589512,0.06677632546832364
event_binary_D,rel_t::2:tXdXlen,0.042376386438557144,0.02352191313575444,0.07162676418779967,95986,0.002043377711919425,2,length_displacement,-0.003726563307521559,0.08847933618463585
event_binary_D,rel_t::3:tXdXlen,0.024827113075414364,0.023542857721501057,0.2916429794496198,95986,0.002043377711919425,3,length_displacement,-0.021316888058727706,0.07097111420955643
event_binary_D,rel_t::4:tXdXlen,0.06526508514061308,0.024723363916228862,0.008301038091421686,95986,0.002043377711919425,4,length_displacement,0.016807291864804508,0.11372287841642165
event_score_C,rel_t::-4:treated,-0.023503796922132718,0.019674638451446576,0.23224689272570864,95986,0.0012437591328406938,-4,att_or_baseline,-0.062066088286968,0.015058494442702568
event_score_C,rel_t::-3:treated,-0.01600606246635656,0.019940231684201584,0.42215576089477613,95986,0.0012437591328406938,-3,att_or_baseline,-0.05508891656739166,0.023076791634678545
event_score_C,rel_t::-2:treated,-0.036303365499539234,0.020691937128988053,0.07936415541708519,95986,0.0012437591328406938,-2,att_or_baseline,-0.07685956227235582,0.004252831273277351
event_score_C,rel_t::1:treated,0.027895353088301912,0.020578112391293327,0.175245671107791,95986,0.0012437591328406938,1,att_or_baseline,-0.012437747198633005,0.06822845337523684
event_score_C,rel_t::2:treated,0.0006667943311871048,0.019905131970557776,0.9732772768779387,95986,0.0012437591328406938,2,att_or_baseline,-0.038347264331106135,0.03968085299348034
event_score_C,rel_t::3:treated,-0.023308848950576402,0.020472362337896236,0.25490253441938804,95986,0.0012437591328406938,3,att_or_baseline,-0.06343467913285303,0.016816981231700223
event_score_C,rel_t::4:treated,-0.003135978395304909,0.020723980335005384,0.8797237112452763,95986,0.0012437591328406938,4,att_or_baseline,-0.04375497985191546,0.03748302306130564
event_score_C,rel_t::-4:treated_X_score,0.03641390623016603,0.04122061789550614,0.37703498138626035,95986,0.0012437591328406938,-4,score_slope,-0.044378504845026014,0.11720631730535808
event_score_C,rel_t::-3:treated_X_score,0.03774770349896688,0.04157620177873489,0.363932549400138,95986,0.0012437591328406938,-3,score_slope,-0.043741651987353504,0.11923705898528728
event_score_C,rel_t::-2:treated_X_score,0.034097584916576905,0.04241070494728179,0.4214141831343394,95986,0.0012437591328406938,-2,score_slope,-0.0490273967800954,0.1172225666132492
event_score_C,rel_t::1:treated_X_score,0.0058713432621196665,0.042716765096441095,0.8906777853108716,95986,0.0012437591328406938,1,score_slope,-0.07785351632690489,0.08959620285114421
event_score_C,rel_t::2:treated_X_score,-0.032602378984948485,0.042519999189040474,0.4432360750060602,95986,0.0012437591328406938,2,score_slope,-0.11594157739546782,0.050736819425570845
event_score_C,rel_t::3:treated_X_score,-0.011402237888517904,0.042968267100287894,0.790731448235583,95986,0.0012437591328406938,3,score_slope,-0.09562004140508218,0.07281556562804636
event_score_C,rel_t::4:treated_X_score,-0.04950595203856804,0.04356081122214996,0.2557685571212778,95986,0.0012437591328406938,4,score_slope,-0.13488514203398197,0.03587323795684589
