spec,estimand,term,n,r2_within,coef,se,pvalue,ci_low,ci_high,group
binary_collapsed,low_predicted_incidence_effect_delta_b,post_X_treated,99644,0.0005383592916476942,0.03128997863629194,0.017848736866692274,0.09760341365264247,-0.006367564449700824,0.0689475217222847,binary
binary_collapsed,common_high_minus_low_post_shift,post_X_disp,99644,0.0005383592916476942,0.03808424456370081,0.00811794307810198,0.0002100190281222325,0.02095688179755821,0.05521160732984341,binary
binary_collapsed,high_minus_low_ddd,post_X_treated_X_disp,99644,0.0005383592916476942,-0.04148857892971744,0.018439346498595854,0.037982827906994476,-0.0803921994175187,-0.0025849584419161825,binary
binary_collapsed_group_effects,low_predicted_incidence_effect,post_X_treated_X_low,99644,0.0005383592916488045,0.03128997863640656,0.0178487369399382,0.09760341491920665,-0.006367564604121599,0.06894752187693473,binary
binary_collapsed_group_effects,high_predicted_incidence_effect,post_X_treated_X_high,99644,0.0005383592916488045,-0.010198600293423217,0.007197154217108497,0.17453959127117757,-0.025383268376746496,0.004986067789900062,binary
score_collapsed,,post_X_treated,99644,0.000410752292689609,0.018968310331470617,0.015115526653798237,0.22649708292059811,-0.012922663269865561,0.050859283932806795,score
score_collapsed,,post_X_score,99644,0.000410752292689609,0.05327971009598965,0.014919815428687705,0.0023520300400574623,0.02180165108614849,0.0847577691058308,score
score_collapsed,,post_X_treated_X_score,99644,0.000410752292689609,-0.04523242140766996,0.027622351914737938,0.11989537371599712,-0.10351048977377425,0.013045646958434333,score
event_att,,"C(rel_t, contr.treatment(base=-1))[-4]:treated",99644,0.0003115099543076205,-0.012653912515512818,0.013439859064671319,0.3596257713712223,-0.041009536534038854,0.015701711503013215,event_study
event_att,,"C(rel_t, contr.treatment(base=-1))[-3]:treated",99644,0.0003115099543076205,-0.004464698800662186,0.015459969637268058,0.7762332681266044,-0.03708238357419833,0.02815298597287396,event_study
event_att,,"C(rel_t, contr.treatment(base=-1))[-2]:treated",99644,0.0003115099543076205,-0.024398952014853252,0.01184300766024582,0.05502645205801149,-0.04938551406483758,0.000587610035131074,event_study
event_att,,"C(rel_t, contr.treatment(base=-1))[1]:treated",99644,0.0003115099543076205,0.028155131562155072,0.017270732336181458,0.12144139760976547,-0.008282928561307815,0.06459319168561796,event_study
event_att,,"C(rel_t, contr.treatment(base=-1))[2]:treated",99644,0.0003115099543076205,-0.008749688956870349,0.01228388563761303,0.48594700469524077,-0.0346664222314276,0.0171670443176869,event_study
event_att,,"C(rel_t, contr.treatment(base=-1))[3]:treated",99644,0.0003115099543076205,-0.025434123196631755,0.014786057456585245,0.10355675131935826,-0.056629977553271774,0.005761731160008259,event_study
event_att,,"C(rel_t, contr.treatment(base=-1))[4]:treated",99644,0.0003115099543076205,-0.016652136952310673,0.009701312903677723,0.10423755879899765,-0.037120118041923986,0.003815844137302637,event_study
event_binary_B,,"C(rel_t, contr.treatment(base=-1))[-4]:treated",99644,0.001480181962582816,-0.026133723234079892,0.0200293151846766,0.20935715336333272,-0.06839188442404126,0.016124437955881477,event_study
event_binary_B,,"C(rel_t, contr.treatment(base=-1))[-3]:treated",99644,0.001480181962582816,-0.02122795742560944,0.028779332705600354,0.470810322305661,-0.08194704188752902,0.039491127036310136,event_study
event_binary_B,,"C(rel_t, contr.treatment(base=-1))[-2]:treated",99644,0.001480181962582816,-0.03603561097987249,0.019022363882759283,0.07531605765691829,-0.0761692906269293,0.004098068667184318,event_study
event_binary_B,,"C(rel_t, contr.treatment(base=-1))[1]:treated",99644,0.001480181962582816,0.03596810794050137,0.027213268141953222,0.20377550939050537,-0.021446869109142966,0.0933830849901457,event_study
event_binary_B,,"C(rel_t, contr.treatment(base=-1))[2]:treated",99644,0.001480181962582816,0.014888661032168673,0.027733418083323566,0.5983284006128557,-0.04362373646658783,0.07340105853092517,event_study
event_binary_B,,"C(rel_t, contr.treatment(base=-1))[3]:treated",99644,0.001480181962582816,-0.012374059318370257,0.028902418384022317,0.6739296494116565,-0.07335283186203266,0.04860471322529214,event_study
event_binary_B,,"C(rel_t, contr.treatment(base=-1))[4]:treated",99644,0.001480181962582816,0.005246404713033597,0.01914408369589279,0.7873495458122433,-0.03514408129190323,0.04563689071797043,event_study
event_binary_B,,"C(rel_t, contr.treatment(base=-1))[-4]:treated_X_disp",99644,0.001480181962582816,0.022309205235982173,0.027250581591700018,0.4243033151453104,-0.035184496311200644,0.079802906783165,event_study
event_binary_B,,"C(rel_t, contr.treatment(base=-1))[-3]:treated_X_disp",99644,0.001480181962582816,0.026419281094271194,0.03438727561761876,0.45285812371586154,-0.04613152868302399,0.09897009087156637,event_study
event_binary_B,,"C(rel_t, contr.treatment(base=-1))[-2]:treated_X_disp",99644,0.001480181962582816,0.01601700940643146,0.019770381455627397,0.42904851887692663,-0.025694849368355466,0.05772886818121839,event_study
event_binary_B,,"C(rel_t, contr.treatment(base=-1))[1]:treated_X_disp",99644,0.001480181962582816,-0.011959795353001897,0.02721133002448934,0.6658242107538155,-0.06937068333222926,0.04545109262622547,event_study
event_binary_B,,"C(rel_t, contr.treatment(base=-1))[2]:treated_X_disp",99644,0.001480181962582816,-0.03940516328743193,0.031164501468836422,0.2231388313852214,-0.10515651396178807,0.026346187386924208,event_study
event_binary_B,,"C(rel_t, contr.treatment(base=-1))[3]:treated_X_disp",99644,0.001480181962582816,-0.02070701132100747,0.030475755816228422,0.5059944076622671,-0.08500523568832637,0.04359121304631143,event_study
event_binary_B,,"C(rel_t, contr.treatment(base=-1))[4]:treated_X_disp",99644,0.001480181962582816,-0.03637326299265019,0.025285217336339143,0.16844324321415982,-0.08972040841775612,0.016973882432455747,event_study
event_binary_B,,"C(rel_t, contr.treatment(base=-1))[-4]:disp_binary",99644,0.001480181962582816,0.03994672909477523,0.01343569107035701,0.008528322414132372,0.011599898775581843,0.06829355941396861,event_study
event_binary_B,,"C(rel_t, contr.treatment(base=-1))[-3]:disp_binary",99644,0.001480181962582816,0.03305513994635561,0.013556953855562853,0.02602810054981597,0.004452467513923496,0.06165781237878772,event_study
event_binary_B,,"C(rel_t, contr.treatment(base=-1))[-2]:disp_binary",99644,0.001480181962582816,0.01587151505635281,0.014146869130564928,0.27749780556112125,-0.013975769812880425,0.04571879992558604,event_study
event_binary_B,,"C(rel_t, contr.treatment(base=-1))[1]:disp_binary",99644,0.001480181962582816,0.029102484527931197,0.013320458256490851,0.043196027740542986,0.0009987741945101831,0.057206194861352214,event_study
event_binary_B,,"C(rel_t, contr.treatment(base=-1))[2]:disp_binary",99644,0.001480181962582816,0.0624085830394043,0.01391431828295879,0.00032590283511857443,0.033051937571088805,0.0917652285077198,event_study
event_binary_B,,"C(rel_t, contr.treatment(base=-1))[3]:disp_binary",99644,0.001480181962582816,0.0702857644131278,0.01654696695975188,0.0005428613060427523,0.03537471575555233,0.10519681307070326,event_study
event_binary_B,,"C(rel_t, contr.treatment(base=-1))[4]:disp_binary",99644,0.001480181962582816,0.08371061172378509,0.017021590209646893,0.00013015870519450523,0.04779819553997931,0.11962302790759087,event_study
event_binary_D,,"C(rel_t, contr.treatment(base=-1))[-4]:treated",99644,0.0022072658237377585,-0.024544671629477415,0.02037731103854849,0.2448947936914352,-0.06753703989295906,0.018447696634004227,event_study
event_binary_D,,"C(rel_t, contr.treatment(base=-1))[-3]:treated",99644,0.0022072658237377585,-0.014817228458730161,0.027826634068403026,0.6012823586713205,-0.07352629449491037,0.04389183757745005,event_study
event_binary_D,,"C(rel_t, contr.treatment(base=-1))[-2]:treated",99644,0.0022072658237377585,-0.03683761720043163,0.02051547072992558,0.09035409345251622,-0.08012147693300928,0.0064462425321460196,event_study
event_binary_D,,"C(rel_t, contr.treatment(base=-1))[1]:treated",99644,0.0022072658237377585,0.03259100340218153,0.025987656565068316,0.22677835219115772,-0.022238159250178337,0.08742016605454139,event_study
event_binary_D,,"C(rel_t, contr.treatment(base=-1))[2]:treated",99644,0.0022072658237377585,0.01732654545100152,0.026972573239319054,0.5291974364785936,-0.03958060974356021,0.07423370064556326,event_study
event_binary_D,,"C(rel_t, contr.treatment(base=-1))[3]:treated",99644,0.0022072658237377585,-0.011121837631413204,0.028877160109701334,0.7049077005136084,-0.07204731987444402,0.049803644611617605,event_study
event_binary_D,,"C(rel_t, contr.treatment(base=-1))[4]:treated",99644,0.0022072658237377585,0.007055750803272793,0.018651942082667974,0.7099010986226344,-0.03229640715958237,0.04640790876612796,event_study
event_binary_D,,"C(rel_t, contr.treatment(base=-1))[-4]:treated_X_disp",99644,0.0022072658237377585,0.0003473142714675142,0.0195871022209372,0.9860592740708756,-0.04097785911887669,0.041672487661811725,event_study
event_binary_D,,"C(rel_t, contr.treatment(base=-1))[-3]:treated_X_disp",99644,0.0022072658237377585,0.001076919556718446,0.022500493607618802,0.9623839893990311,-0.046394972365571614,0.048548811479008504,event_study
event_binary_D,,"C(rel_t, contr.treatment(base=-1))[-2]:treated_X_disp",99644,0.0022072658237377585,0.006422088132785357,0.019642247550533933,0.7476948541052639,-0.03501943173298678,0.047863607998557496,event_study
event_binary_D,,"C(rel_t, contr.treatment(base=-1))[1]:treated_X_disp",99644,0.0022072658237377585,-0.030266739780048447,0.025280039726672095,0.24763462735749298,-0.0836029614036229,0.023069481843526012,event_study
event_binary_D,,"C(rel_t, contr.treatment(base=-1))[2]:treated_X_disp",99644,0.0022072658237377585,-0.047908892030885636,0.026879769846087514,0.09256189916370094,-0.10462024918073168,0.008802465118960406,event_study
event_binary_D,,"C(rel_t, contr.treatment(base=-1))[3]:treated_X_disp",99644,0.0022072658237377585,-0.024558567753494864,0.029181031785036136,0.41169836930622195,-0.0861251631908093,0.03700802768381957,event_study
event_binary_D,,"C(rel_t, contr.treatment(base=-1))[4]:treated_X_disp",99644,0.0022072658237377585,-0.048601398234596034,0.02352114475188521,0.05438605179508871,-0.09822667584059262,0.0010238793714005545,event_study
event_binary_D,,"C(rel_t, contr.treatment(base=-1))[-4]:disp_binary",99644,0.0022072658237377585,0.04101083412855374,0.013315477379494808,0.006790132026684548,0.01291763252701025,0.06910403573009723,event_study
event_binary_D,,"C(rel_t, contr.treatment(base=-1))[-3]:disp_binary",99644,0.0022072658237377585,0.03543832979710147,0.013475705789730402,0.017562150949619326,0.007007075799631481,0.06386958379457147,event_study
event_binary_D,,"C(rel_t, contr.treatment(base=-1))[-2]:disp_binary",99644,0.0022072658237377585,0.014791971121510006,0.01586768909554718,0.36428093651026394,-0.018685926516489135,0.048269868759509144,event_study
event_binary_D,,"C(rel_t, contr.treatment(base=-1))[1]:disp_binary",99644,0.0022072658237377585,0.0299183893217046,0.01288055438613437,0.03285753936971236,0.0027427950267107995,0.0570939836166984,event_study
event_binary_D,,"C(rel_t, contr.treatment(base=-1))[2]:disp_binary",99644,0.0022072658237377585,0.06668271275284478,0.01269536504366629,6.482947948227569e-05,0.03989783381743882,0.09346759168825074,event_study
event_binary_D,,"C(rel_t, contr.treatment(base=-1))[3]:disp_binary",99644,0.0022072658237377585,0.07281026426893597,0.014688295481365183,0.0001198991910931202,0.041820669650534985,0.10379985888733695,event_study
event_binary_D,,"C(rel_t, contr.treatment(base=-1))[4]:disp_binary",99644,0.0022072658237377585,0.08762257044743361,0.015302416030640595,2.4723338472032452e-05,0.05533729472750389,0.11990784616736333,event_study
event_binary_D,,"C(rel_t, contr.treatment(base=-1))[-4]:treated_X_len",99644,0.0022072658237377585,-0.005965098391874685,0.016684515064970862,0.7251003569600791,-0.0411663481845426,0.02923615140079323,event_study
event_binary_D,,"C(rel_t, contr.treatment(base=-1))[-3]:treated_X_len",99644,0.0022072658237377585,-0.03561955379730402,0.027296616415820013,0.20931265648647313,-0.09321038033353801,0.02197127273892998,event_study
event_binary_D,,"C(rel_t, contr.treatment(base=-1))[-2]:treated_X_len",99644,0.0022072658237377585,0.014393309134468799,0.01721074111212145,0.4145883737826952,-0.021918180569939,0.050704798838876596,event_study
event_binary_D,,"C(rel_t, contr.treatment(base=-1))[1]:treated_X_len",99644,0.0022072658237377585,0.006117781091760409,0.01846603786146767,0.7444675148818112,-0.0328421532492214,0.045077715432742214,event_study
event_binary_D,,"C(rel_t, contr.treatment(base=-1))[2]:treated_X_len",99644,0.0022072658237377585,-0.03314731779842802,0.015909316394888292,0.05260964536571122,-0.06671304136104017,0.0004184057641841224,event_study
event_binary_D,,"C(rel_t, contr.treatment(base=-1))[3]:treated_X_len",99644,0.0022072658237377585,-0.019008683405744586,0.01686942382311575,0.2754764858699741,-0.054600056576824374,0.0165826897653352,event_study
event_binary_D,,"C(rel_t, contr.treatment(base=-1))[4]:treated_X_len",99644,0.0022072658237377585,-0.042309711617734946,0.013825997040528414,0.007083701497261563,-0.07148001555291725,-0.013139407682552642,event_study
event_binary_D,,"C(rel_t, contr.treatment(base=-1))[-4]:disp_X_len",99644,0.0022072658237377585,-5.864436493097439e-05,0.00857813244578876,0.9946248943588425,-0.018156921827772347,0.018039633097910398,event_study
event_binary_D,,"C(rel_t, contr.treatment(base=-1))[-3]:disp_X_len",99644,0.0022072658237377585,-0.00507166720614798,0.0059545962512918315,0.40620658265344334,-0.01763476713683055,0.007491432724534589,event_study
event_binary_D,,"C(rel_t, contr.treatment(base=-1))[-2]:disp_X_len",99644,0.0022072658237377585,0.0077096300256377336,0.007105540871791324,0.29306203298332734,-0.007281750794597964,0.02270101084587343,event_study
event_binary_D,,"C(rel_t, contr.treatment(base=-1))[1]:disp_X_len",99644,0.0022072658237377585,-0.004944397170043477,0.006318486837892675,0.4446682313336803,-0.01827523912896336,0.008386444788876407,event_study
event_binary_D,,"C(rel_t, contr.treatment(base=-1))[2]:disp_X_len",99644,0.0022072658237377585,-0.021607066666282846,0.008124866232781516,0.01651556901286777,-0.03874903601201608,-0.004465097320549612,event_study
event_binary_D,,"C(rel_t, contr.treatment(base=-1))[3]:disp_X_len",99644,0.0022072658237377585,-0.018905360762390057,0.011058954468641162,0.10554605175591725,-0.04223771517487705,0.004426993650096935,event_study
event_binary_D,,"C(rel_t, contr.treatment(base=-1))[4]:disp_X_len",99644,0.0022072658237377585,-0.035712572017141786,0.009057763909449726,0.001049691119424656,-0.05482278341363399,-0.01660236062064958,event_study
event_binary_D,,"C(rel_t, contr.treatment(base=-1))[-4]:tXdXlen",99644,0.0022072658237377585,0.030506352477489555,0.01728161652715252,0.09547675170877001,-0.005954671281636188,0.0669673762366153,event_study
event_binary_D,,"C(rel_t, contr.treatment(base=-1))[-3]:tXdXlen",99644,0.0022072658237377585,0.06188424421928787,0.026395412778398367,0.0314550983493489,0.0061947911560859895,0.11757369728248976,event_study
event_binary_D,,"C(rel_t, contr.treatment(base=-1))[-2]:tXdXlen",99644,0.0022072658237377585,-0.0072274044139605375,0.017637353177346583,0.6870859489900731,-0.04443896689927191,0.029984158071350832,event_study
event_binary_D,,"C(rel_t, contr.treatment(base=-1))[1]:tXdXlen",99644,0.0022072658237377585,0.017383758963962565,0.018825976637628562,0.36872420402810624,-0.02233557981402971,0.057103097741954836,event_study
event_binary_D,,"C(rel_t, contr.treatment(base=-1))[2]:tXdXlen",99644,0.0022072658237377585,0.047511601924080736,0.022535738747190982,0.05014925975227147,-3.46507427216175e-05,0.09505785459088309,event_study
event_binary_D,,"C(rel_t, contr.treatment(base=-1))[3]:tXdXlen",99644,0.0022072658237377585,0.025033835407775065,0.022698134715128344,0.28543823337121066,-0.022855042801958828,0.07292271361750896,event_study
event_binary_D,,"C(rel_t, contr.treatment(base=-1))[4]:tXdXlen",99644,0.0022072658237377585,0.06173448278145465,0.016352958811474177,0.0015102422418460382,0.02723275553734205,0.09623621002556726,event_study
event_score_C,,"C(rel_t, contr.treatment(base=-1))[-4]:treated",99644,0.0015169338496138218,-0.02349913761354934,0.01841501505375083,0.2190849093160827,-0.062351423239985375,0.015353148012886696,event_study
event_score_C,,"C(rel_t, contr.treatment(base=-1))[-3]:treated",99644,0.0015169338496138218,-0.016097196155282836,0.023349282184043068,0.4998689976556232,-0.06535987543839966,0.03316548312783399,event_study
event_score_C,,"C(rel_t, contr.treatment(base=-1))[-2]:treated",99644,0.0015169338496138218,-0.03650118665814196,0.016173427900308197,0.0374697073015513,-0.070624136789174,-0.002378236527109931,event_study
event_score_C,,"C(rel_t, contr.treatment(base=-1))[1]:treated",99644,0.0015169338496138218,0.025107143023170728,0.022452767975031675,0.27902624223831074,-0.02226405661602507,0.07247834266236652,event_study
event_score_C,,"C(rel_t, contr.treatment(base=-1))[2]:treated",99644,0.0015169338496138218,-0.000783282879434805,0.02023963692683976,0.9695800712987623,-0.043485184157369024,0.04191861839849941,event_study
event_score_C,,"C(rel_t, contr.treatment(base=-1))[3]:treated",99644,0.0015169338496138218,-0.019662694359105785,0.022864316946616715,0.40176927906658566,-0.06790218642959292,0.028576797711381354,event_study
event_score_C,,"C(rel_t, contr.treatment(base=-1))[4]:treated",99644,0.0015169338496138218,-0.0038240731797446878,0.014296547744026679,0.7923159524677306,-0.033987152319327994,0.02633900595983862,event_study
event_score_C,,"C(rel_t, contr.treatment(base=-1))[-4]:treated_X_score",99644,0.0015169338496138218,0.03617637479407927,0.04119866259540548,0.3921334465818611,-0.050745205335600396,0.12309795492375894,event_study
event_score_C,,"C(rel_t, contr.treatment(base=-1))[-3]:treated_X_score",99644,0.0015169338496138218,0.03787565144802732,0.046722224974075875,0.42876666554909515,-0.06069962663330446,0.1364509295293591,event_study
event_score_C,,"C(rel_t, contr.treatment(base=-1))[-2]:treated_X_score",99644,0.0015169338496138218,0.03441954230899319,0.026343581053373942,0.20876195791923746,-0.021160555373326194,0.08999963999131258,event_study
event_score_C,,"C(rel_t, contr.treatment(base=-1))[1]:treated_X_score",99644,0.0015169338496138218,0.011958321868319853,0.032846737612436304,0.7202986266633657,-0.05734223682739732,0.08125888056403703,event_study
event_score_C,,"C(rel_t, contr.treatment(base=-1))[2]:treated_X_score",99644,0.0015169338496138218,-0.028737945674454365,0.0382541051712282,0.462782915101569,-0.10944705268078048,0.05197116133187174,event_study
event_score_C,,"C(rel_t, contr.treatment(base=-1))[3]:treated_X_score",99644,0.0015169338496138218,-0.020310493464182997,0.04326229573395235,0.6446966121985596,-0.11158595893650164,0.07096497200813565,event_study
event_score_C,,"C(rel_t, contr.treatment(base=-1))[4]:treated_X_score",99644,0.0015169338496138218,-0.04780003916566419,0.03010090328395443,0.1307117853913362,-0.11130739382100122,0.01570731548967283,event_study
event_score_C,,"C(rel_t, contr.treatment(base=-1))[-4]:displacement_prob_centered",99644,0.0015169338496138218,0.07581988823097285,0.018046900149933837,0.0005999774239433542,0.03774425716304247,0.11389551929890324,event_study
event_score_C,,"C(rel_t, contr.treatment(base=-1))[-3]:displacement_prob_centered",99644,0.0015169338496138218,0.06048748136869971,0.02046943958151514,0.00886440467633487,0.017300738870103957,0.10367422386729547,event_study
event_score_C,,"C(rel_t, contr.treatment(base=-1))[-2]:displacement_prob_centered",99644,0.0015169338496138218,0.03434313285453484,0.021564672488091713,0.1296802249185618,-0.01115434909171168,0.07984061480078136,event_study
event_score_C,,"C(rel_t, contr.treatment(base=-1))[1]:displacement_prob_centered",99644,0.0015169338496138218,0.041925349795304656,0.018994021997493653,0.04132722059170346,0.001851466299286432,0.08199923329132289,event_study
event_score_C,,"C(rel_t, contr.treatment(base=-1))[2]:displacement_prob_centered",99644,0.0015169338496138218,0.09710267569041449,0.02022082866405953,0.000166117429374113,0.054440456378285984,0.139764895002543,event_study
event_score_C,,"C(rel_t, contr.treatment(base=-1))[3]:displacement_prob_centered",99644,0.0015169338496138218,0.11327381183569384,0.027552110585059002,0.0007287592601330495,0.05514393972115387,0.1714036839502338,event_study
event_score_C,,"C(rel_t, contr.treatment(base=-1))[4]:displacement_prob_centered",99644,0.0015169338496138218,0.13984516005027797,0.02779564982545699,0.00010266113095491747,0.08120146505253267,0.19848885504802327,event_study
