dept_id,closure_start,closure_end,closure_duration_days,closure_event_id,h,pre_start,pre_end,post_start,post_end,window_days_inclusive,menu_size_pre,menu_size_post,n_removed,n_introduced,net_menu_change,menu_churn,menu_overlap
254,2021-01-30,2021-02-21,23,dept_254_closure_2021-01-30,1,2021-01-07,2021-01-30,2021-02-21,2021-03-16,24,49,47,11,9,-2,20,38
254,2021-01-30,2021-02-21,23,dept_254_closure_2021-01-30,2,2020-12-15,2021-01-30,2021-02-21,2021-04-08,47,53,56,11,14,3,25,42
254,2021-01-30,2021-02-21,23,dept_254_closure_2021-01-30,3,2020-11-22,2021-01-30,2021-02-21,2021-05-01,70,56,69,12,25,13,37,44
254,2021-01-30,2021-02-21,23,dept_254_closure_2021-01-30,4,2020-10-30,2021-01-30,2021-02-21,2021-05-24,93,61,73,17,29,12,46,44
228,2021-02-04,2021-02-20,17,dept_228_closure_2021-02-04,1,2021-01-18,2021-02-04,2021-02-20,2021-03-09,18,31,37,3,9,6,12,28
228,2021-02-04,2021-02-20,17,dept_228_closure_2021-02-04,2,2021-01-01,2021-02-04,2021-02-20,2021-03-26,35,44,49,5,10,5,15,39
228,2021-02-04,2021-02-20,17,dept_228_closure_2021-02-04,3,2020-12-15,2021-02-04,2021-02-20,2021-04-12,52,51,58,8,15,7,23,43
228,2021-02-04,2021-02-20,17,dept_228_closure_2021-02-04,4,2020-11-28,2021-02-04,2021-02-20,2021-04-29,69,58,70,14,26,12,40,44
225,2021-02-09,2021-02-18,10,dept_225_closure_2021-02-09,1,2021-01-30,2021-02-09,2021-02-18,2021-02-28,11,43,39,6,2,-4,8,37
225,2021-02-09,2021-02-18,10,dept_225_closure_2021-02-09,2,2021-01-20,2021-02-09,2021-02-18,2021-03-10,21,46,49,5,8,3,13,41
225,2021-02-09,2021-02-18,10,dept_225_closure_2021-02-09,3,2021-01-10,2021-02-09,2021-02-18,2021-03-20,31,47,52,5,10,5,15,42
225,2021-02-09,2021-02-18,10,dept_225_closure_2021-02-09,4,2020-12-31,2021-02-09,2021-02-18,2021-03-30,41,47,57,4,14,10,18,43
181,2021-02-11,2021-02-25,15,dept_181_closure_2021-02-11,1,2021-01-27,2021-02-11,2021-02-25,2021-03-12,16,42,51,5,14,9,19,37
181,2021-02-11,2021-02-25,15,dept_181_closure_2021-02-11,2,2021-01-12,2021-02-11,2021-02-25,2021-03-27,31,51,54,8,11,3,19,43
181,2021-02-11,2021-02-25,15,dept_181_closure_2021-02-11,3,2020-12-28,2021-02-11,2021-02-25,2021-04-11,46,52,63,8,19,11,27,44
181,2021-02-11,2021-02-25,15,dept_181_closure_2021-02-11,4,2020-12-13,2021-02-11,2021-02-25,2021-04-26,61,60,74,15,29,14,44,45
8,2021-05-27,2021-06-10,15,dept_8_closure_2021-05-27,1,2021-05-12,2021-05-27,2021-06-10,2021-06-25,16,56,70,0,14,14,14,56
8,2021-05-27,2021-06-10,15,dept_8_closure_2021-05-27,2,2021-04-27,2021-05-27,2021-06-10,2021-07-10,31,64,75,3,14,11,17,61
8,2021-05-27,2021-06-10,15,dept_8_closure_2021-05-27,3,2021-04-12,2021-05-27,2021-06-10,2021-07-25,46,68,89,6,27,21,33,62
8,2021-05-27,2021-06-10,15,dept_8_closure_2021-05-27,4,2021-03-28,2021-05-27,2021-06-10,2021-08-09,61,73,100,10,37,27,47,63
19,2021-07-15,2021-07-25,11,dept_19_closure_2021-07-15,1,2021-07-04,2021-07-15,2021-07-25,2021-08-05,12,81,59,31,9,-22,40,50
19,2021-07-15,2021-07-25,11,dept_19_closure_2021-07-15,2,2021-06-23,2021-07-15,2021-07-25,2021-08-16,23,89,91,16,18,2,34,73
19,2021-07-15,2021-07-25,11,dept_19_closure_2021-07-15,3,2021-06-12,2021-07-15,2021-07-25,2021-08-27,34,91,99,12,20,8,32,79
19,2021-07-15,2021-07-25,11,dept_19_closure_2021-07-15,4,2021-06-01,2021-07-15,2021-07-25,2021-09-07,45,96,101,16,21,5,37,80
124,2021-07-22,2021-08-18,28,dept_124_closure_2021-07-22,1,2021-06-24,2021-07-22,2021-08-18,2021-09-15,29,95,101,12,18,6,30,83
124,2021-07-22,2021-08-18,28,dept_124_closure_2021-07-22,2,2021-05-27,2021-07-22,2021-08-18,2021-10-13,57,105,111,22,28,6,50,83
124,2021-07-22,2021-08-18,28,dept_124_closure_2021-07-22,3,2021-04-29,2021-07-22,2021-08-18,2021-11-10,85,108,117,25,34,9,59,83
124,2021-07-22,2021-08-18,28,dept_124_closure_2021-07-22,4,2021-04-01,2021-07-22,2021-08-18,2021-12-08,113,114,123,31,40,9,71,83
44,2021-07-24,2021-08-05,13,dept_44_closure_2021-07-24,1,2021-07-11,2021-07-24,2021-08-05,2021-08-18,14,76,73,24,21,-3,45,52
44,2021-07-24,2021-08-05,13,dept_44_closure_2021-07-24,2,2021-06-28,2021-07-24,2021-08-05,2021-08-31,27,90,84,24,18,-6,42,66
44,2021-07-24,2021-08-05,13,dept_44_closure_2021-07-24,3,2021-06-15,2021-07-24,2021-08-05,2021-09-13,40,94,94,21,21,0,42,73
44,2021-07-24,2021-08-05,13,dept_44_closure_2021-07-24,4,2021-06-02,2021-07-24,2021-08-05,2021-09-26,53,97,103,20,26,6,46,77
238,2021-07-24,2021-08-21,29,dept_238_closure_2021-07-24,1,2021-06-25,2021-07-24,2021-08-21,2021-09-19,30,94,98,16,20,4,36,78
238,2021-07-24,2021-08-21,29,dept_238_closure_2021-07-24,2,2021-05-27,2021-07-24,2021-08-21,2021-10-18,59,103,110,23,30,7,53,80
238,2021-07-24,2021-08-21,29,dept_238_closure_2021-07-24,3,2021-04-28,2021-07-24,2021-08-21,2021-11-16,88,106,117,25,36,11,61,81
238,2021-07-24,2021-08-21,29,dept_238_closure_2021-07-24,4,2021-03-30,2021-07-24,2021-08-21,2021-12-15,117,112,124,31,43,12,74,81
39,2021-07-25,2021-08-19,26,dept_39_closure_2021-07-25,1,2021-06-29,2021-07-25,2021-08-19,2021-09-14,27,84,91,14,21,7,35,70
39,2021-07-25,2021-08-19,26,dept_39_closure_2021-07-25,2,2021-06-03,2021-07-25,2021-08-19,2021-10-10,53,97,103,22,28,6,50,75
39,2021-07-25,2021-08-19,26,dept_39_closure_2021-07-25,3,2021-05-08,2021-07-25,2021-08-19,2021-11-05,79,102,112,25,35,10,60,77
39,2021-07-25,2021-08-19,26,dept_39_closure_2021-07-25,4,2021-04-12,2021-07-25,2021-08-19,2021-12-01,105,107,118,29,40,11,69,78
246,2021-07-27,2021-08-08,13,dept_246_closure_2021-07-27,1,2021-07-14,2021-07-27,2021-08-08,2021-08-21,14,60,57,18,15,-3,33,42
246,2021-07-27,2021-08-08,13,dept_246_closure_2021-07-27,2,2021-07-01,2021-07-27,2021-08-08,2021-09-03,27,72,64,19,11,-8,30,53
246,2021-07-27,2021-08-08,13,dept_246_closure_2021-07-27,3,2021-06-18,2021-07-27,2021-08-08,2021-09-16,40,74,72,18,16,-2,34,56
246,2021-07-27,2021-08-08,13,dept_246_closure_2021-07-27,4,2021-06-05,2021-07-27,2021-08-08,2021-09-29,53,74,74,18,18,0,36,56
133,2021-07-28,2021-08-22,26,dept_133_closure_2021-07-28,1,2021-07-02,2021-07-28,2021-08-22,2021-09-17,27,76,81,23,28,5,51,53
133,2021-07-28,2021-08-22,26,dept_133_closure_2021-07-28,2,2021-06-06,2021-07-28,2021-08-22,2021-10-13,53,94,100,24,30,6,54,70
133,2021-07-28,2021-08-22,26,dept_133_closure_2021-07-28,3,2021-05-11,2021-07-28,2021-08-22,2021-11-08,79,103,108,31,36,5,67,72
133,2021-07-28,2021-08-22,26,dept_133_closure_2021-07-28,4,2021-04-15,2021-07-28,2021-08-22,2021-12-04,105,106,115,32,41,9,73,74
47,2021-07-30,2021-08-10,12,dept_47_closure_2021-07-30,1,2021-07-18,2021-07-30,2021-08-10,2021-08-22,13,73,80,13,20,7,33,60
47,2021-07-30,2021-08-10,12,dept_47_closure_2021-07-30,2,2021-07-06,2021-07-30,2021-08-10,2021-09-03,25,90,89,15,14,-1,29,75
47,2021-07-30,2021-08-10,12,dept_47_closure_2021-07-30,3,2021-06-24,2021-07-30,2021-08-10,2021-09-15,37,100,101,20,21,1,41,80
47,2021-07-30,2021-08-10,12,dept_47_closure_2021-07-30,4,2021-06-12,2021-07-30,2021-08-10,2021-09-27,49,102,108,20,26,6,46,82
59,2021-08-03,2021-08-19,17,dept_59_closure_2021-08-03,1,2021-07-17,2021-08-03,2021-08-19,2021-09-05,18,88,89,9,10,1,19,79
59,2021-08-03,2021-08-19,17,dept_59_closure_2021-08-03,2,2021-06-30,2021-08-03,2021-08-19,2021-09-22,35,95,102,9,16,7,25,86
59,2021-08-03,2021-08-19,17,dept_59_closure_2021-08-03,3,2021-06-13,2021-08-03,2021-08-19,2021-10-09,52,106,108,19,21,2,40,87
59,2021-08-03,2021-08-19,17,dept_59_closure_2021-08-03,4,2021-05-27,2021-08-03,2021-08-19,2021-10-26,69,109,114,21,26,5,47,88
121,2021-08-03,2021-08-20,18,dept_121_closure_2021-08-03,1,2021-07-16,2021-08-03,2021-08-20,2021-09-07,19,83,88,8,13,5,21,75
121,2021-08-03,2021-08-20,18,dept_121_closure_2021-08-03,2,2021-06-28,2021-08-03,2021-08-20,2021-09-25,37,102,88,24,10,-14,34,78
121,2021-08-03,2021-08-20,18,dept_121_closure_2021-08-03,3,2021-06-10,2021-08-03,2021-08-20,2021-10-13,55,103,88,25,10,-15,35,78
121,2021-08-03,2021-08-20,18,dept_121_closure_2021-08-03,4,2021-05-23,2021-08-03,2021-08-20,2021-10-31,73,108,88,29,9,-20,38,79
182,2021-08-03,2021-08-20,18,dept_182_closure_2021-08-03,1,2021-07-16,2021-08-03,2021-08-20,2021-09-07,19,87,98,1,12,11,13,86
182,2021-08-03,2021-08-20,18,dept_182_closure_2021-08-03,2,2021-06-28,2021-08-03,2021-08-20,2021-09-25,37,97,107,9,19,10,28,88
182,2021-08-03,2021-08-20,18,dept_182_closure_2021-08-03,3,2021-06-10,2021-08-03,2021-08-20,2021-10-13,55,106,112,17,23,6,40,89
182,2021-08-03,2021-08-20,18,dept_182_closure_2021-08-03,4,2021-05-23,2021-08-03,2021-08-20,2021-10-31,73,111,115,22,26,4,48,89
220,2021-08-03,2021-08-12,10,dept_220_closure_2021-08-03,1,2021-07-24,2021-08-03,2021-08-12,2021-08-22,11,73,88,3,18,15,21,70
220,2021-08-03,2021-08-12,10,dept_220_closure_2021-08-03,2,2021-07-14,2021-08-03,2021-08-12,2021-09-01,21,92,93,10,11,1,21,82
220,2021-08-03,2021-08-12,10,dept_220_closure_2021-08-03,3,2021-07-04,2021-08-03,2021-08-12,2021-09-11,31,96,99,10,13,3,23,86
220,2021-08-03,2021-08-12,10,dept_220_closure_2021-08-03,4,2021-06-24,2021-08-03,2021-08-12,2021-09-21,41,104,103,17,16,-1,33,87
46,2021-08-04,2021-08-19,16,dept_46_closure_2021-08-04,1,2021-07-19,2021-08-04,2021-08-19,2021-09-04,17,66,75,10,19,9,29,56
46,2021-08-04,2021-08-19,16,dept_46_closure_2021-08-04,2,2021-07-03,2021-08-04,2021-08-19,2021-09-20,33,88,93,16,21,5,37,72
46,2021-08-04,2021-08-19,16,dept_46_closure_2021-08-04,3,2021-06-17,2021-08-04,2021-08-19,2021-10-06,49,99,96,25,22,-3,47,74
46,2021-08-04,2021-08-19,16,dept_46_closure_2021-08-04,4,2021-06-01,2021-08-04,2021-08-19,2021-10-22,65,104,106,28,30,2,58,76
62,2021-08-04,2021-08-17,14,dept_62_closure_2021-08-04,1,2021-07-21,2021-08-04,2021-08-17,2021-08-31,15,72,77,11,16,5,27,61
62,2021-08-04,2021-08-17,14,dept_62_closure_2021-08-04,2,2021-07-07,2021-08-04,2021-08-17,2021-09-14,29,85,88,17,20,3,37,68
62,2021-08-04,2021-08-17,14,dept_62_closure_2021-08-04,3,2021-06-23,2021-08-04,2021-08-17,2021-09-28,43,95,100,22,27,5,49,73
62,2021-08-04,2021-08-17,14,dept_62_closure_2021-08-04,4,2021-06-09,2021-08-04,2021-08-17,2021-10-12,57,102,102,26,26,0,52,76
3,2021-08-09,2021-08-22,14,dept_3_closure_2021-08-09,1,2021-07-26,2021-08-09,2021-08-22,2021-09-05,15,85,90,8,13,5,21,77
3,2021-08-09,2021-08-22,14,dept_3_closure_2021-08-09,2,2021-07-12,2021-08-09,2021-08-22,2021-09-19,29,91,99,9,17,8,26,82
3,2021-08-09,2021-08-22,14,dept_3_closure_2021-08-09,3,2021-06-28,2021-08-09,2021-08-22,2021-10-03,43,98,107,12,21,9,33,86
3,2021-08-09,2021-08-22,14,dept_3_closure_2021-08-09,4,2021-06-14,2021-08-09,2021-08-22,2021-10-17,57,100,112,14,26,12,40,86
5,2021-08-18,2021-08-31,14,dept_5_closure_2021-08-18,1,2021-08-04,2021-08-18,2021-08-31,2021-09-14,15,69,62,19,12,-7,31,50
5,2021-08-18,2021-08-31,14,dept_5_closure_2021-08-18,2,2021-07-21,2021-08-18,2021-08-31,2021-09-28,29,86,68,25,7,-18,32,61
5,2021-08-18,2021-08-31,14,dept_5_closure_2021-08-18,3,2021-07-07,2021-08-18,2021-08-31,2021-10-12,43,95,72,28,5,-23,33,67
5,2021-08-18,2021-08-31,14,dept_5_closure_2021-08-18,4,2021-06-23,2021-08-18,2021-08-31,2021-10-26,57,97,72,30,5,-25,35,67
131,2021-08-29,2021-09-08,11,dept_131_closure_2021-08-29,1,2021-08-18,2021-08-29,2021-09-08,2021-09-19,12,78,77,17,16,-1,33,61
131,2021-08-29,2021-09-08,11,dept_131_closure_2021-08-29,2,2021-08-07,2021-08-29,2021-09-08,2021-09-30,23,86,91,15,20,5,35,71
131,2021-08-29,2021-09-08,11,dept_131_closure_2021-08-29,3,2021-07-27,2021-08-29,2021-09-08,2021-10-11,34,94,97,16,19,3,35,78
131,2021-08-29,2021-09-08,11,dept_131_closure_2021-08-29,4,2021-07-16,2021-08-29,2021-09-08,2021-10-22,45,95,102,15,22,7,37,80
