spec,estimand,term,coef,se,pvalue,ci_low,ci_high,n,r2_within
event_att,,rel_t::-4:treated,-0.012653912592475346,0.013439701539162598,0.35962027733261204,-0.041009204261231,0.01570137907628031,99644,0.00031150995091022704
event_att,,rel_t::-3:treated,-0.004464698843643129,0.01545990155594177,0.7762323092083263,-0.037082239978138615,0.028152842290852353,99644,0.00031150995091022704
event_att,,rel_t::-2:treated,-0.024398952103783872,0.011842709834587727,0.05502097109386206,-0.04938488579655688,0.000586981588989139,99644,0.00031150995091022704
event_att,,rel_t::1:treated,0.028155130191651744,0.017270074657508665,0.12142820870339688,-0.008281542351104426,0.06459180273440791,99644,0.00031150995091022704
event_att,,rel_t::2:treated,-0.008749690343793016,0.012284114900963646,0.48595495818152856,-0.03466690732174049,0.017167526634154457,99644,0.00031150995091022704
event_att,,rel_t::3:treated,-0.025434124556278873,0.014785976799899167,0.10355499357052445,-0.05662980874218815,0.005761559629630406,99644,0.00031150995091022704
event_att,,rel_t::4:treated,-0.016652138327366103,0.00970113895678834,0.10423179044224407,-0.037119752421123794,0.003815475766391588,99644,0.00031150995091022704
event_binary_B,,rel_t::-4:treated,-0.02613372337529979,0.02002927326052167,0.20935624142094467,-0.06839179611302873,0.016124349362429145,99644,0.0014801819409161476
event_binary_B,,rel_t::-3:treated,-0.021227957497713158,0.028779255176163365,0.4708091441963269,-0.08194687838682274,0.03949096339139643,99644,0.0014801819409161476
event_binary_B,,rel_t::-2:treated,-0.03603561100943689,0.019022189323319966,0.07531361915273704,-0.07616892236827197,0.00409770034939818,99644,0.0014801819409161476
event_binary_B,,rel_t::1:treated,0.035968107057604365,0.027213019641032274,0.20377158526214845,-0.02144634570092955,0.09338255981613827,99644,0.0014801819409161476
event_binary_B,,rel_t::2:treated,0.014888660214016728,0.027733839838964887,0.5983339381718065,-0.043624627111365645,0.0734019475393991,99644,0.0014801819409161476
event_binary_B,,rel_t::3:treated,-0.01237406016144802,0.028902219570225075,0.6739275261072515,-0.07335241324466785,0.0486042929217718,99644,0.0014801819409161476
event_binary_B,,rel_t::4:treated,0.0052464039055323455,0.019144437926785232,0.787353409450078,-0.03514482946126211,0.0456376372723268,99644,0.0014801819409161476
event_binary_B,,rel_t::-4:treated_X_disp,0.022309205392566263,0.027250370253701944,0.42429978717269834,-0.03518405027041974,0.07980246105555226,99644,0.0014801819409161476
event_binary_B,,rel_t::-3:treated_X_disp,0.026419281162253068,0.03438703800065179,0.45285505248284874,-0.046131027287068326,0.09896958961157445,99644,0.0014801819409161476
event_binary_B,,rel_t::-2:treated_X_disp,0.01601700930556356,0.019770305588769507,0.42904678355073056,-0.025694689404147437,0.057728708015274556,99644,0.0014801819409161476
event_binary_B,,rel_t::1:treated_X_disp,-0.011959796384029974,0.02721107296176518,0.6658212349446884,-0.06937014200832113,0.04545054924026118,99644,0.0014801819409161476
event_binary_B,,rel_t::2:treated_X_disp,-0.03940516448221774,0.03116379850129931,0.2231288315458848,-0.1051550320247176,0.02634470306028213,99644,0.0014801819409161476
event_binary_B,,rel_t::3:treated_X_disp,-0.020707012432274515,0.030475431017252256,0.5059899115748787,-0.08500455153365798,0.04359052666910894,99644,0.0014801819409161476
event_binary_B,,rel_t::4:treated_X_disp,-0.03637326418951542,0.02528495584552355,0.16843907008209658,-0.08971985791722858,0.016973329538197753,99644,0.0014801819409161476
event_binary_B,,rel_t::-4:disp_binary,0.039946729054548845,0.013435788962457016,0.00852871575628189,0.011599692201076095,0.0682937659080216,99644,0.0014801819409161476
event_binary_B,,rel_t::-3:disp_binary,0.03305513993126875,0.013556966720252469,0.026028222989950223,0.004452440356712235,0.06165783950582526,99644,0.0014801819409161476
event_binary_B,,rel_t::-2:disp_binary,0.015871515090042497,0.014146977308070036,0.27750135112495,-0.01397599801377811,0.0457190281938631,99644,0.0014801819409161476
event_binary_B,,rel_t::1:disp_binary,0.029102483730284453,0.013320457231454925,0.04319601856412514,0.0009987755594983924,0.05720619190107051,99644,0.0014801819409161476
event_binary_B,,rel_t::2:disp_binary,0.06240858226672669,0.013914322892848646,0.00032590391004627683,0.03305192707239188,0.09176523746106151,99644,0.0014801819409161476
event_binary_B,,rel_t::3:disp_binary,0.0702857636393499,0.01654689216879939,0.000542838895656983,0.03537487277688882,0.10519665450181097,99644,0.0014801819409161476
event_binary_B,,rel_t::4:disp_binary,0.08371061097393374,0.017021642032359948,0.00013016281148936493,0.04779808545375836,0.11962313649410913,99644,0.0014801819409161476
event_binary_D,,rel_t::-4:treated,-0.02425371227461191,0.020710076764566515,0.2577098560607287,-0.06794815485061817,0.019440730301394347,99644,0.0022072658133176493
event_binary_D,,rel_t::-3:treated,-0.013079814078998659,0.028529507701033706,0.6524242430041329,-0.07327181385455515,0.04711218569655784,99644,0.0022072658133176493
event_binary_D,,rel_t::-2:treated,-0.03753967944120891,0.020824646439017946,0.08919859033625221,-0.08147584290112009,0.006396484018702263,99644,0.0022072658133176493
event_binary_D,,rel_t::1:treated,0.03229259568142583,0.026046966500520106,0.23189736112169856,-0.022661699996674042,0.08724689135952571,99644,0.0022072658133176493
event_binary_D,,rel_t::2:treated,0.018943370905159265,0.027171117484517022,0.49511007312361066,-0.03838267603081395,0.07626941784113249,99644,0.0022072658133176493
event_binary_D,,rel_t::3:treated,-0.010194652148696038,0.029061026023926895,0.7300467636603738,-0.07150805756179641,0.05111875326440434,99644,0.0022072658133176493
event_binary_D,,rel_t::4:treated,0.009119490214138716,0.019026380100060608,0.6378275270554483,-0.031022662910746977,0.04926164333902441,99644,0.0022072658133176493
event_binary_D,,rel_t::-4:treated_X_disp,-0.001140693536956388,0.019450069631114324,0.9539169365055062,-0.042176753434624105,0.03989536636071133,99644,0.0022072658133176493
event_binary_D,,rel_t::-3:treated_X_disp,-0.0019416073175590116,0.022560746132536013,0.9324231850126992,-0.04954062095552625,0.045657406320408225,99644,0.0022072658133176493
event_binary_D,,rel_t::-2:treated_X_disp,0.006774618970363801,0.01994253145779565,0.7382380059267857,-0.03530044456072443,0.04884968250145203,99644,0.0022072658133176493
event_binary_D,,rel_t::1:treated_X_disp,-0.031114667999156007,0.02518189720638666,0.23341160306441422,-0.08424382700458787,0.022014491006275852,99644,0.0022072658133176493
event_binary_D,,rel_t::2:treated_X_disp,-0.05022636568360091,0.02701833635063477,0.08043035653475883,-0.10723007260331033,0.006777341236108507,99644,0.0022072658133176493
event_binary_D,,rel_t::3:treated_X_disp,-0.025779643643108398,0.02935598422113594,0.39209256122044556,-0.08771535645549006,0.03615606916927326,99644,0.0022072658133176493
event_binary_D,,rel_t::4:treated_X_disp,-0.05161262112018524,0.023936542848256734,0.045681409601818324,-0.10211431210091197,-0.0011109301394585103,99644,0.0022072658133176493
event_binary_D,,rel_t::-4:disp_binary,0.04101369456089702,0.013271052375656994,0.0066388035320996686,0.013014221524494045,0.0690131675973,99644,0.0022072658133176493
event_binary_D,,rel_t::-3:disp_binary,0.03568571040717044,0.013491678581151833,0.01701591327715457,0.007220756765536199,0.06415066404880468,99644,0.0022072658133176493
event_binary_D,,rel_t::-2:disp_binary,0.014415918645396994,0.016070037282229093,0.38221106340538746,-0.01948889634901213,0.048320733639806115,99644,0.0022072658133176493
event_binary_D,,rel_t::1:disp_binary,0.030159561398197268,0.012845703703326489,0.031245703657072577,0.003057495616687913,0.05726162717970662,99644,0.0022072658133176493
event_binary_D,,rel_t::2:disp_binary,0.06773663962441985,0.012769622583848686,5.824132765530621e-05,0.04079509097396376,0.09467818827487594,99644,0.0022072658133176493
event_binary_D,,rel_t::3:disp_binary,0.07373241007956817,0.014826950154418725,0.00011598426802228445,0.04245027967201744,0.10501454048711889,99644,0.0022072658133176493
event_binary_D,,rel_t::4:disp_binary,0.08936452138021801,0.015463828869167669,2.223886542140896e-05,0.0567386943390995,0.12199034842133652,99644,0.0022072658133176493
event_binary_D,,rel_t::-4:treated_X_len,-0.005924632293664998,0.01657097349967512,0.7250946962681242,-0.04088633032314265,0.02903706573581265,99644,0.0022072658133176493
event_binary_D,,rel_t::-3:treated_X_len,-0.035377919142328115,0.02711048847172979,0.20929736391963227,-0.09257605004265418,0.021820211757997948,99644,0.0022072658133176493
event_binary_D,,rel_t::-2:treated_X_len,0.014295668469433018,0.01709365657977335,0.414579513302058,-0.021768794464705775,0.05036013140357181,99644,0.0022072658133176493
event_binary_D,,rel_t::1:treated_X_len,0.006076279374645608,0.018340602593104476,0.7444652950285264,-0.032619009683136344,0.044771568432427564,99644,0.0022072658133176493
event_binary_D,,rel_t::2:treated_X_len,-0.03292245460108255,0.01580209906177329,0.05261911907481198,-0.06626196936407708,0.0004170601619119807,99644,0.0022072658133176493
event_binary_D,,rel_t::3:treated_X_len,-0.018879733320847324,0.01675514407133459,0.27548085865412597,-0.05422999729139059,0.01647053064969594,99644,0.0022072658133176493
event_binary_D,,rel_t::4:treated_X_len,-0.042022693098196104,0.013732394625925093,0.007084341955046369,-0.0709955132009274,-0.013049872995464815,99644,0.0022072658133176493
event_binary_D,,rel_t::-4:disp_X_len,-5.8246262497188595e-05,0.008519912421831049,0.9946249018792399,-0.018033690211851916,0.01791719768685754,99644,0.0022072658133176493
event_binary_D,,rel_t::-3:disp_X_len,-0.005037262079962964,0.005914131804068112,0.4062011631228408,-0.017514989489545323,0.007440465329619396,99644,0.0022072658133176493
event_binary_D,,rel_t::-2:disp_X_len,0.007657329804006923,0.007056938050602948,0.29303552674707123,-0.007231508026959857,0.022546167634973704,99644,0.0022072658133176493
event_binary_D,,rel_t::1:disp_X_len,-0.004910855730326483,0.006275692300681311,0.4446731047007797,-0.01815140910799252,0.008329697647339554,99644,0.0022072658133176493
event_binary_D,,rel_t::2:disp_X_len,-0.02146048974499735,0.008069882393274158,0.01651707710728645,-0.03848645332960998,-0.0044345261603847205,99644,0.0022072658133176493
event_binary_D,,rel_t::3:disp_X_len,-0.018777111622260922,0.010983947701152632,0.10554647312379362,-0.04195121558825919,0.00439699234373735,99644,0.0022072658133176493
event_binary_D,,rel_t::4:disp_X_len,-0.03547030694348252,0.008996172180941495,0.001049545341203606,-0.05445057115170361,-0.01649004273526143,99644,0.0022072658133176493
event_binary_D,,rel_t::-4:tXdXlen,0.03029940448125005,0.017164127604847233,0.0954722280196556,-0.0059137393193754995,0.0665125482818756,99644,0.0022072658133176493
event_binary_D,,rel_t::-3:tXdXlen,0.06146443641331959,0.02621566432517708,0.031451209793226687,0.006154219436811839,0.11677465338982734,99644,0.0022072658133176493
event_binary_D,,rel_t::-2:tXdXlen,-0.007178375402664833,0.017517560419839796,0.6870835061826164,-0.044137197262079174,0.02978044645674951,99644,0.0022072658133176493
event_binary_D,,rel_t::1:tXdXlen,0.017265831825325085,0.018698273895758552,0.3687244051447869,-0.022184077718540373,0.05671574136919054,99644,0.0022072658133176493
event_binary_D,,rel_t::2:tXdXlen,0.04718929475636064,0.022382870876098748,0.05014934313615749,-3.443489466416205e-05,0.09441302440738544,99644,0.0022072658133176493
event_binary_D,,rel_t::3:tXdXlen,0.024864011992210205,0.022543917014040588,0.2854332955644039,-0.022699495309394187,0.0724275192938146,99644,0.0022072658133176493
event_binary_D,,rel_t::4:tXdXlen,0.061315691167668045,0.016242050064057913,0.0015102618449933658,0.02704796092657004,0.09558342140876605,99644,0.0022072658133176493
event_score_C,,rel_t::-4:treated,-0.023269836479199172,0.018215650405831844,0.21860960786266048,-0.061701499465788984,0.015161826507390636,99644,0.0015169338287002176
event_score_C,,rel_t::-3:treated,-0.01585712443212311,0.02311564315179229,0.5019680379550149,-0.06462686844541052,0.032912619581164294,99644,0.0015169338287002176
event_score_C,,rel_t::-2:treated,-0.03628302144021559,0.01604724474742066,0.0371622890266492,-0.07013974838962757,-0.0024262944908036155,99644,0.0015169338287002176
event_score_C,,rel_t::1:treated,0.025182940450331388,0.02229435939707732,0.2743464035462435,-0.021854046303436934,0.07221992720409971,99644,0.0015169338287002176
event_score_C,,rel_t::2:treated,-0.0009654356456440785,0.02003394441112522,0.9621264540638292,-0.043233363649682784,0.04130249235839462,99644,0.0015169338287002176
event_score_C,,rel_t::3:treated,-0.01979143047131484,0.0226385739880874,0.3941734149839058,-0.06755464653131375,0.027971785588684073,99644,0.0015169338287002176
event_score_C,,rel_t::4:treated,-0.004127049678579472,0.014152184561112821,0.7741062354787247,-0.03398554912598747,0.02573144976882852,99644,0.0015169338287002176
event_score_C,,rel_t::-4:treated_X_score,0.03617637532154735,0.04119820839262456,0.39212833371449296,-0.050744246524035246,0.12309699716712993,99644,0.0015169338287002176
event_score_C,,rel_t::-3:treated_X_score,0.037875652331093475,0.046721712113025705,0.4287616819120521,-0.06069854370801173,0.1364498483701987,99644,0.0015169338287002176
event_score_C,,rel_t::-2:treated_X_score,0.034419543255246904,0.026343388423091765,0.2087587711680443,-0.021160148012705965,0.08999923452319977,99644,0.0015169338287002176
event_score_C,,rel_t::1:treated_X_score,0.011958315161605925,0.03284625596868306,0.7202948623847356,-0.057341227354622167,0.08125785767783401,99644,0.0015169338287002176
event_score_C,,rel_t::2:treated_X_score,-0.028737952774940054,0.03825240966551958,0.46276329354587253,-0.109443482576915,0.05196757702703489,99644,0.0015169338287002176
event_score_C,,rel_t::3:treated_X_score,-0.02031050016533965,0.04326134680457508,0.644689293485806,-0.11158396357168175,0.07096296324100244,99644,0.0015169338287002176
event_score_C,,rel_t::4:treated_X_score,-0.04780004603074871,0.0301005128578757,0.13070706993848846,-0.11130657695906691,0.015706484897569498,99644,0.0015169338287002176
event_score_C,,rel_t::-4:displacement_prob_centered,0.07581988804028768,0.018046963192158826,0.0005999964400114077,0.0377441239648865,0.11389565211568886,99644,0.0015169338287002176
event_score_C,,rel_t::-3:displacement_prob_centered,0.06048748117534441,0.020469364935882348,0.00886420172451885,0.017300896165264756,0.10367406618542406,99644,0.0015169338287002176
event_score_C,,rel_t::-2:displacement_prob_centered,0.03434313284690623,0.021564735840960282,0.12968127731082024,-0.011154482762212224,0.07984074845602468,99644,0.0015169338287002176
event_score_C,,rel_t::1:displacement_prob_centered,0.04192534859320237,0.018993921007178192,0.04132627053778681,0.001851678168122331,0.08199901901828241,99644,0.0015169338287002176
event_score_C,,rel_t::2:displacement_prob_centered,0.09710267456339715,0.020220875916476463,0.00016612138654892306,0.054440355557380554,0.13976499356941374,99644,0.0015169338287002176
event_score_C,,rel_t::3:displacement_prob_centered,0.11327381065896032,0.027552053493696525,0.0007287459026834586,0.055144058996662526,0.1714035623212581,99644,0.0015169338287002176
event_score_C,,rel_t::4:displacement_prob_centered,0.1398451588587409,0.027795850591064628,0.00010266893383237274,0.08120104028258535,0.19848927743489647,99644,0.0015169338287002176
